"","scenario","true.pi","dist.of.pi","num.studies","sample.sizes","heterogeneity","bias","bias.prop","RMSE","RMSE.prop","coverage"
"1",1,0.001,"NA",5,"small",0,4.04909253394594e-05,0.0404909253394594,7.29603034487587e-06,0.00729603034487587,0.935
"2",2,0.001,"NA",5,"medium",0,2.15632640823281e-05,0.0215632640823281,1.69038699152116e-06,0.00169038699152116,0.965
"3",3,0.001,"NA",5,"large",0,7.34275529317513e-06,0.00734275529317513,3.24537229945297e-07,0.000324537229945297,0.973
"4",4,0.001,"NA",5,"mix",0,1.09141868635863e-06,0.00109141868635863,1.21313500545614e-06,0.00121313500545614,0.965
"5",5,0.001,"NA",5,"small",0,-8.57121500051384e-05,-0.0857121500051384,8.27897780001127e-06,0.00827897780001127,0.929
"6",6,0.001,"NA",5,"medium",0,-4.26866255857862e-05,-0.0426866255857862,1.67636469059303e-06,0.00167636469059303,0.967
"7",7,0.001,"NA",5,"large",0,-1.69438815553434e-05,-0.0169438815553434,3.45040991745536e-07,0.000345040991745536,0.958
"8",8,0.001,"NA",5,"mix",0,4.74897118515272e-05,0.0474897118515272,1.11052470843493e-06,0.00111052470843493,0.965
"9",9,0.001,"NA",15,"small",0,3.52571305232554e-05,0.0352571305232554,2.3136683827159e-06,0.0023136683827159,0.94
"10",10,0.001,"NA",15,"medium",0,5.9383697340181e-06,0.0059383697340181,5.55725333504788e-07,0.000555725333504788,0.964
"11",11,0.001,"NA",15,"large",0,-2.63082282237646e-05,-0.0263082282237646,1.13284904340431e-07,0.000113284904340431,0.962
"12",12,0.001,"NA",15,"mix",0,2.06521814228866e-05,0.0206521814228866,6.64963384220824e-07,0.000664963384220824,0.964
"13",13,0.001,"NA",15,"small",0,-1.7434448224321e-05,-0.017434448224321,2.44973174980482e-06,0.00244973174980482,0.941
"14",14,0.001,"NA",15,"medium",0,7.2744941494093e-05,0.072744941494093,5.14359779138789e-07,0.000514359779138789,0.969
"15",15,0.001,"NA",15,"large",0,1.41390172843912e-05,0.0141390172843912,1.10894393844716e-07,0.000110894393844716,0.961
"16",16,0.001,"NA",15,"mix",0,-2.58035149720822e-06,-0.00258035149720822,7.12443593140938e-07,0.000712443593140938,0.956
"17",17,0.001,"NA",30,"small",0,8.10819549254077e-05,0.0810819549254077,1.17898331464593e-06,0.00117898331464593,0.96
"18",18,0.001,"NA",30,"medium",0,2.19613617586511e-05,0.0219613617586511,2.49577596137961e-07,0.000249577596137961,0.975
"19",19,0.001,"NA",30,"large",0,1.16312371442046e-06,0.00116312371442046,5.3752663880837e-08,5.3752663880837e-05,0.967
"20",20,0.001,"NA",30,"mix",0,-1.52710050972122e-06,-0.00152710050972122,2.61773570102344e-07,0.000261773570102344,0.969
"21",21,0.001,"NA",30,"small",0,3.85497408600953e-05,0.0385497408600953,1.16814054902367e-06,0.00116814054902367,0.952
"22",22,0.001,"NA",30,"medium",0,6.38170721774046e-06,0.00638170721774046,2.87968420773197e-07,0.000287968420773197,0.959
"23",23,0.001,"NA",30,"large",0,-8.03509420953038e-06,-0.00803509420953038,5.77045403355308e-08,5.77045403355308e-05,0.942
"24",24,0.001,"NA",30,"mix",0,-1.96773404146307e-05,-0.0196773404146307,2.75553147672945e-07,0.000275553147672945,0.967
"25",25,0.001,"unif",5,"small",0.1,-8.01457879569939e-05,-0.0801457879569939,8.29638187385137e-06,0.00829638187385137,0.935
"26",26,0.001,"unif",5,"small",0.5,-2.96592720642126e-05,-0.0296592720642126,8.30772210704405e-06,0.00830772210704405,0.936
"27",27,0.001,"unif",5,"medium",0.1,2.95251608778133e-05,0.0295251608778133,1.49812729386607e-06,0.00149812729386607,0.971
"28",28,0.001,"unif",5,"medium",0.5,-2.69010709334962e-05,-0.0269010709334962,1.82263836462775e-06,0.00182263836462775,0.956
"29",29,0.001,"unif",5,"large",0.1,-4.56938916097732e-05,-0.0456938916097732,3.68742476205417e-07,0.000368742476205417,0.952
"30",30,0.001,"unif",5,"large",0.5,7.07412610413192e-06,0.00707412610413192,3.52902509517015e-07,0.000352902509517015,0.965
"31",31,0.001,"unif",5,"mix",0.1,-2.5514108110445e-05,-0.025514108110445,1.15817001496937e-06,0.00115817001496937,0.963
"32",32,0.001,"unif",5,"mix",0.5,-6.02642157780721e-05,-0.0602642157780721,1.25414464318256e-06,0.00125414464318256,0.958
"33",33,0.001,"unif",15,"small",0.1,0.000100520601638929,0.100520601638929,2.23551604125243e-06,0.00223551604125243,0.949
"34",34,0.001,"unif",15,"small",0.5,6.8220528046126e-06,0.00682205280461261,2.47482425350782e-06,0.00247482425350782,0.936
"35",35,0.001,"unif",15,"medium",0.1,-9.29028411345684e-06,-0.00929028411345684,5.29275842862306e-07,0.000529275842862306,0.96
"36",36,0.001,"unif",15,"medium",0.5,4.40637799796366e-05,0.0440637799796366,4.96323227223222e-07,0.000496323227223222,0.967
"37",37,0.001,"unif",15,"large",0.1,2.04993807822327e-05,0.0204993807822327,1.12442840612266e-07,0.000112442840612266,0.961
"38",38,0.001,"unif",15,"large",0.5,7.27965287526671e-06,0.00727965287526671,1.07165629380343e-07,0.000107165629380343,0.963
"39",39,0.001,"unif",15,"mix",0.1,-1.24545288053982e-05,-0.0124545288053982,6.52254102129416e-07,0.000652254102129416,0.967
"40",40,0.001,"unif",15,"mix",0.5,-1.16443276480253e-05,-0.0116443276480253,6.51629250875881e-07,0.000651629250875881,0.959
"41",41,0.001,"unif",30,"small",0.1,4.51776027672081e-06,0.0045177602767208,1.21117776072666e-06,0.00121117776072666,0.949
"42",42,0.001,"unif",30,"small",0.5,2.62165524044752e-05,0.0262165524044752,1.20114778811705e-06,0.00120114778811705,0.957
"43",43,0.001,"unif",30,"medium",0.1,1.16547313255559e-05,0.0116547313255559,2.50925362712832e-07,0.000250925362712832,0.97
"44",44,0.001,"unif",30,"medium",0.5,1.08787428381443e-05,0.0108787428381443,2.63029265652878e-07,0.000263029265652878,0.964
"45",45,0.001,"unif",30,"large",0.1,2.73710360483041e-06,0.00273710360483041,5.97935144385689e-08,5.97935144385689e-05,0.941
"46",46,0.001,"unif",30,"large",0.5,-7.5935072018332e-06,-0.0075935072018332,5.67433013155673e-08,5.67433013155673e-05,0.947
"47",47,0.001,"unif",30,"mix",0.1,-5.23822398708898e-07,-0.000523822398708898,2.35236645702732e-07,0.000235236645702732,0.977
"48",48,0.001,"unif",30,"mix",0.5,1.31518079858383e-06,0.00131518079858383,2.94257407082487e-07,0.000294257407082487,0.96
"49",49,0.001,"beta",5,"small",0.1,-1.30458909117384e-05,-0.0130458909117384,7.14541291972486e-06,0.00714541291972486,0.942
"50",50,0.001,"beta",5,"small",0.5,-0.000195205528746626,-0.195205528746626,9.13774758746102e-06,0.00913774758746102,0.917
"51",51,0.001,"beta",5,"medium",0.1,-3.53104382680528e-05,-0.0353104382680528,1.73134670699558e-06,0.00173134670699558,0.966
"52",52,0.001,"beta",5,"medium",0.5,0.000102218101844347,0.102218101844347,1.47646254595714e-06,0.00147646254595714,0.978
"53",53,0.001,"beta",5,"large",0.1,-9.03030237477445e-06,-0.00903030237477445,3.42516176142883e-07,0.000342516176142883,0.963
"54",54,0.001,"beta",5,"large",0.5,3.05891414110705e-07,0.000305891414110704,3.50290727258234e-07,0.000350290727258234,0.967
"55",55,0.001,"beta",5,"mix",0.1,-4.3336210177563e-05,-0.043336210177563,1.26211548434977e-06,0.00126211548434977,0.963
"56",56,0.001,"beta",5,"mix",0.5,-1.70828741583398e-06,-0.00170828741583398,1.1250012663576e-06,0.0011250012663576,0.957
"57",57,0.001,"beta",15,"small",0.1,1.95404352886746e-06,0.00195404352886746,2.42045461601384e-06,0.00242045461601384,0.948
"58",58,0.001,"beta",15,"small",0.5,-3.15892370398631e-06,-0.00315892370398631,2.50357856038778e-06,0.00250357856038778,0.936
"59",59,0.001,"beta",15,"medium",0.1,4.85115526114811e-05,0.0485115526114811,4.93814800092922e-07,0.000493814800092922,0.968
"60",60,0.001,"beta",15,"medium",0.5,-2.42927214058208e-05,-0.0242927214058208,5.2293822475312e-07,0.000522938224753119,0.967
"61",61,0.001,"beta",15,"large",0.1,1.02547095182871e-05,0.0102547095182871,1.120534643296e-07,0.0001120534643296,0.958
"62",62,0.001,"beta",15,"large",0.5,-1.34420313303057e-05,-0.0134420313303057,1.15526684562281e-07,0.000115526684562281,0.952
"63",63,0.001,"beta",15,"mix",0.1,1.00940522131163e-05,0.0100940522131163,6.35273260932126e-07,0.000635273260932126,0.969
"64",64,0.001,"beta",15,"mix",0.5,2.74224184161803e-05,0.0274224184161803,6.57185485193909e-07,0.000657185485193909,0.966
"65",65,0.001,"beta",30,"small",0.1,1.15162336172774e-05,0.0115162336172774,1.29401396110477e-06,0.00129401396110476,0.945
"66",66,0.001,"beta",30,"small",0.5,6.85163930053445e-06,0.00685163930053445,1.21044836904796e-06,0.00121044836904796,0.949
"67",67,0.001,"beta",30,"medium",0.1,6.37243524587213e-06,0.00637243524587213,2.65325663919162e-07,0.000265325663919162,0.975
"68",68,0.001,"beta",30,"medium",0.5,1.0706395813202e-05,0.010706395813202,2.65269892591189e-07,0.000265269892591189,0.965
"69",69,0.001,"beta",30,"large",0.1,6.60106588159781e-06,0.00660106588159781,5.75854640706717e-08,5.75854640706717e-05,0.949
"70",70,0.001,"beta",30,"large",0.5,-1.69262932637451e-06,-0.00169262932637451,5.40431052183534e-08,5.40431052183534e-05,0.961
"71",71,0.001,"beta",30,"mix",0.1,-1.30448979534235e-06,-0.00130448979534235,2.77006892203022e-07,0.000277006892203022,0.968
"72",72,0.001,"beta",30,"mix",0.5,-9.53305370519864e-06,-0.00953305370519864,2.61434531107458e-07,0.000261434531107458,0.975
"73",73,0.002,"NA",5,"small",0,0.000214149591573776,0.107074795786888,1.35336570260908e-05,0.00676682851304541,0.973
"74",74,0.002,"NA",5,"medium",0,2.96738940079617e-05,0.0148369470039809,3.17085376560197e-06,0.00158542688280099,0.962
"75",75,0.002,"NA",5,"large",0,-1.4608387407106e-05,-0.00730419370355302,6.92345166837021e-07,0.00034617258341851,0.966
"76",76,0.002,"NA",5,"mix",0,4.44563946014662e-05,0.0222281973007331,2.24115771189067e-06,0.00112057885594533,0.969
"77",77,0.002,"NA",5,"small",0,-1.156454725243e-05,-0.00578227362621498,1.55831024013225e-05,0.00779155120066127,0.966
"78",78,0.002,"NA",5,"medium",0,-1.85894115418379e-05,-0.00929470577091896,3.11575230273692e-06,0.00155787615136846,0.964
"79",79,0.002,"NA",5,"large",0,6.85106958218099e-07,0.00034255347910905,6.9999347003654e-07,0.00034999673501827,0.958
"80",80,0.002,"NA",5,"mix",0,-3.11268013368592e-05,-0.0155634006684296,2.4053014485306e-06,0.0012026507242653,0.963
"81",81,0.002,"NA",15,"small",0,-7.24607994122199e-05,-0.03623039970611,5.1943374059095e-06,0.00259716870295475,0.946
"82",82,0.002,"NA",15,"medium",0,3.99008334293853e-06,0.00199504167146927,1.04062790917102e-06,0.000520313954585509,0.963
"83",83,0.002,"NA",15,"large",0,-4.56593907308159e-06,-0.00228296953654079,2.22514466206006e-07,0.000111257233103003,0.95
"84",84,0.002,"NA",15,"mix",0,7.51733149942797e-05,0.0375866574971399,1.2024714852901e-06,0.000601235742645052,0.974
"85",85,0.002,"NA",15,"small",0,-2.56606724782341e-05,-0.0128303362391171,4.62474948598105e-06,0.00231237474299052,0.96
"86",86,0.002,"NA",15,"medium",0,3.85959757350169e-05,0.0192979878675085,1.04772833068502e-06,0.000523864165342509,0.965
"87",87,0.002,"NA",15,"large",0,2.61811632560594e-05,0.0130905816280297,2.17910786449673e-07,0.000108955393224836,0.957
"88",88,0.002,"NA",15,"mix",0,-1.16024399478264e-05,-0.00580121997391318,1.33720585350496e-06,0.00066860292675248,0.963
"89",89,0.002,"NA",30,"small",0,0.000118898188435946,0.0594490942179731,2.28300618699521e-06,0.00114150309349761,0.972
"90",90,0.002,"NA",30,"medium",0,2.04098413433917e-05,0.0102049206716958,5.3402069089465e-07,0.000267010345447325,0.959
"91",91,0.002,"NA",30,"large",0,-1.10592940116776e-05,-0.00552964700583882,1.07900395024765e-07,5.39501975123826e-05,0.956
"92",92,0.002,"NA",30,"mix",0,1.49116925539585e-05,0.00745584627697924,5.24663889595526e-07,0.000262331944797763,0.959
"93",93,0.002,"NA",30,"small",0,-5.1262768098667e-06,-0.00256313840493335,2.36934324629634e-06,0.00118467162314817,0.969
"94",94,0.002,"NA",30,"medium",0,-6.61713116531837e-06,-0.00330856558265919,5.50223768389786e-07,0.000275111884194893,0.951
"95",95,0.002,"NA",30,"large",0,1.79896763287356e-06,0.000899483816436781,1.04561386690378e-07,5.22806933451888e-05,0.951
"96",96,0.002,"NA",30,"mix",0,-2.12397750063134e-05,-0.0106198875031567,5.75029221834591e-07,0.000287514610917295,0.963
"97",97,0.002,"unif",5,"small",0.1,4.35542962552175e-06,0.00217771481276088,1.45875098178249e-05,0.00729375490891247,0.975
"98",98,0.002,"unif",5,"small",0.5,0.000146110516049702,0.073055258024851,1.36660409117505e-05,0.00683302045587525,0.967
"99",99,0.002,"unif",5,"medium",0.1,-5.97452784951066e-06,-0.00298726392475533,3.36587458706024e-06,0.00168293729353012,0.963
"100",100,0.002,"unif",5,"medium",0.5,2.85955760867149e-05,0.0142977880433574,3.25144774498893e-06,0.00162572387249446,0.962
"101",101,0.002,"unif",5,"large",0.1,1.6266168868256e-05,0.00813308443412802,6.88336710365813e-07,0.000344168355182906,0.968
"102",102,0.002,"unif",5,"large",0.5,1.3991271630868e-06,0.000699563581543399,7.12526379543761e-07,0.00035626318977188,0.963
"103",103,0.002,"unif",5,"mix",0.1,2.25822824751174e-05,0.0112911412375587,2.15912866800251e-06,0.00107956433400126,0.97
"104",104,0.002,"unif",5,"mix",0.5,-1.13822607778289e-05,-0.00569113038891447,2.32649351670828e-06,0.00116324675835414,0.961
"105",105,0.002,"unif",15,"small",0.1,3.127656976555e-05,0.015638284882775,5.03556704201904e-06,0.00251778352100952,0.948
"106",106,0.002,"unif",15,"small",0.5,2.35077023315675e-05,0.0117538511657837,5.03041199725227e-06,0.00251520599862614,0.951
"107",107,0.002,"unif",15,"medium",0.1,6.85694217591479e-06,0.0034284710879574,1.06745297436217e-06,0.000533726487181085,0.972
"108",108,0.002,"unif",15,"medium",0.5,-8.23102243852436e-06,-0.00411551121926218,1.03782847310191e-06,0.000518914236550953,0.966
"109",109,0.002,"unif",15,"large",0.1,8.79219096718489e-06,0.00439609548359244,2.19605583884622e-07,0.000109802791942311,0.956
"110",110,0.002,"unif",15,"large",0.5,-2.7136779307338e-05,-0.013568389653669,2.2712656667572e-07,0.00011356328333786,0.941
"111",111,0.002,"unif",15,"mix",0.1,2.67782551656967e-05,0.0133891275828484,1.2099817511778e-06,0.000604990875588902,0.973
"112",112,0.002,"unif",15,"mix",0.5,-8.11281755105856e-05,-0.0405640877552928,1.22269428205368e-06,0.000611347141026839,0.965
"113",113,0.002,"unif",30,"small",0.1,-3.69858019943601e-05,-0.0184929009971801,2.50586545107946e-06,0.00125293272553973,0.966
"114",114,0.002,"unif",30,"small",0.5,2.41729417535997e-05,0.0120864708767998,2.31951234831362e-06,0.00115975617415681,0.971
"115",115,0.002,"unif",30,"medium",0.1,3.21981950559821e-05,0.016099097527991,5.03595772415243e-07,0.000251797886207621,0.965
"116",116,0.002,"unif",30,"medium",0.5,-3.53527530531142e-05,-0.0176763765265571,5.12290683113215e-07,0.000256145341556607,0.956
"117",117,0.002,"unif",30,"large",0.1,2.14043441021524e-06,0.00107021720510762,1.13617273227906e-07,5.68086366139529e-05,0.943
"118",118,0.002,"unif",30,"large",0.5,5.02759766995576e-06,0.00251379883497788,1.16116553067781e-07,5.80582765338907e-05,0.951
"119",119,0.002,"unif",30,"mix",0.1,-1.47296764083802e-05,-0.00736483820419009,5.82928075400437e-07,0.000291464037700219,0.96
"120",120,0.002,"unif",30,"mix",0.5,2.82140006405972e-05,0.0141070003202986,5.17511545635591e-07,0.000258755772817795,0.97
"121",121,0.002,"beta",5,"small",0.1,0.00021615810009472,0.10807905004736,1.38789565135706e-05,0.00693947825678529,0.973
"122",122,0.002,"beta",5,"small",0.5,-0.000206074120716325,-0.103037060358163,1.6997111897373e-05,0.0084985559486865,0.968
"123",123,0.002,"beta",5,"medium",0.1,-7.61363838914639e-06,-0.0038068191945732,3.40357037629889e-06,0.00170178518814945,0.959
"124",124,0.002,"beta",5,"medium",0.5,1.37255443478786e-06,0.000686277217393931,3.54015881496695e-06,0.00177007940748347,0.955
"125",125,0.002,"beta",5,"large",0.1,1.80447298214729e-06,0.000902236491073644,6.69203315998523e-07,0.000334601657999261,0.971
"126",126,0.002,"beta",5,"large",0.5,3.87918183456615e-05,0.0193959091728308,6.97990670446006e-07,0.000348995335223003,0.977
"127",127,0.002,"beta",5,"mix",0.1,3.17126619498865e-06,0.00158563309749432,2.43601514619255e-06,0.00121800757309627,0.958
"128",128,0.002,"beta",5,"mix",0.5,-6.26995180778732e-05,-0.0313497590389366,2.38402218445798e-06,0.00119201109222899,0.968
"129",129,0.002,"beta",15,"small",0.1,9.01338550249692e-05,0.0450669275124846,4.32761620608351e-06,0.00216380810304175,0.967
"130",130,0.002,"beta",15,"small",0.5,4.46939032815855e-05,0.0223469516407928,5.13691084486917e-06,0.00256845542243458,0.96
"131",131,0.002,"beta",15,"medium",0.1,3.31048874547006e-05,0.0165524437273503,1.0499699123986e-06,0.000524984956199299,0.96
"132",132,0.002,"beta",15,"medium",0.5,-1.00413336040374e-05,-0.00502066680201868,1.13202584179168e-06,0.000566012920895838,0.961
"133",133,0.002,"beta",15,"large",0.1,1.10202940307179e-05,0.00551014701535897,2.16694830901365e-07,0.000108347415450682,0.954
"134",134,0.002,"beta",15,"large",0.5,1.59137953238993e-05,0.00795689766194966,2.16542775265352e-07,0.000108271387632676,0.958
"135",135,0.002,"beta",15,"mix",0.1,-1.40541679464084e-05,-0.00702708397320419,1.33705401054672e-06,0.00066852700527336,0.961
"136",136,0.002,"beta",15,"mix",0.5,1.71906122994657e-05,0.00859530614973284,1.27331734552656e-06,0.000636658672763278,0.969
"137",137,0.002,"beta",30,"small",0.1,1.36528149135159e-05,0.00682640745675796,2.35465817624238e-06,0.00117732908812119,0.969
"138",138,0.002,"beta",30,"small",0.5,4.99276870882415e-05,0.0249638435441208,2.38853145748955e-06,0.00119426572874478,0.972
"139",139,0.002,"beta",30,"medium",0.1,5.16285077896937e-06,0.00258142538948469,4.98758312808314e-07,0.000249379156404157,0.967
"140",140,0.002,"beta",30,"medium",0.5,6.13398289615106e-06,0.00306699144807553,5.56792146589302e-07,0.000278396073294651,0.962
"141",141,0.002,"beta",30,"large",0.1,1.25687927149942e-05,0.00628439635749708,1.08395601861416e-07,5.4197800930708e-05,0.956
"142",142,0.002,"beta",30,"large",0.5,-4.28015574163228e-07,-0.000214007787081614,1.14266883867201e-07,5.71334419336004e-05,0.947
"143",143,0.002,"beta",30,"mix",0.1,3.52912482832074e-06,0.00176456241416037,5.71590769674369e-07,0.000285795384837185,0.961
"144",144,0.002,"beta",30,"mix",0.5,1.1298372100908e-05,0.00564918605045398,5.12380224531594e-07,0.000256190112265797,0.972
"145",145,0.005,"NA",5,"small",0,4.02867046700767e-05,0.00805734093401535,4.14880259519263e-05,0.00829760519038527,0.959
"146",146,0.005,"NA",5,"medium",0,-5.04763047775215e-05,-0.0100952609555043,8.40734912133474e-06,0.00168146982426695,0.957
"147",147,0.005,"NA",5,"large",0,2.23522760129432e-05,0.00447045520258865,1.79456897150663e-06,0.000358913794301325,0.945
"148",148,0.005,"NA",5,"mix",0,-5.77133358738214e-05,-0.0115426671747643,5.93011910305698e-06,0.0011860238206114,0.956
"149",149,0.005,"NA",5,"small",0,-6.20690954567345e-05,-0.0124138190913469,3.93178443426954e-05,0.00786356886853909,0.955
"150",150,0.005,"NA",5,"medium",0,-4.33193214158713e-05,-0.00866386428317426,8.28123952947259e-06,0.00165624790589452,0.96
"151",151,0.005,"NA",5,"large",0,4.64833648789341e-05,0.00929667297578682,1.72531016140699e-06,0.000345062032281398,0.949
"152",152,0.005,"NA",5,"mix",0,4.99819404461987e-05,0.00999638808923974,6.51436854664494e-06,0.00130287370932899,0.958
"153",153,0.005,"NA",15,"small",0,0.000154282381186281,0.0308564762372561,1.21369752412902e-05,0.00242739504825803,0.967
"154",154,0.005,"NA",15,"medium",0,0.00014755764447703,0.029511528895406,2.609397098362e-06,0.000521879419672401,0.967
"155",155,0.005,"NA",15,"large",0,2.48889660842413e-05,0.00497779321684825,5.31415203395298e-07,0.00010628304067906,0.957
"156",156,0.005,"NA",15,"mix",0,-1.91778987195075e-06,-0.00038355797439015,3.36858088476551e-06,0.000673716176953102,0.962
"157",157,0.005,"NA",15,"small",0,6.88403244757956e-05,0.0137680648951591,1.25742608250296e-05,0.00251485216500592,0.966
"158",158,0.005,"NA",15,"medium",0,-3.60817542754509e-05,-0.00721635085509017,2.75779567453441e-06,0.000551559134906882,0.953
"159",159,0.005,"NA",15,"large",0,-3.00299933193835e-05,-0.00600599866387669,5.39394720707652e-07,0.00010787894414153,0.949
"160",160,0.005,"NA",15,"mix",0,5.58291049273037e-05,0.0111658209854607,3.08397261696675e-06,0.000616794523393349,0.973
"161",161,0.005,"NA",30,"small",0,-5.11728346775708e-05,-0.0102345669355142,6.14998749341101e-06,0.0012299974986822,0.967
"162",162,0.005,"NA",30,"medium",0,4.04991190262541e-05,0.00809982380525082,1.25506393082552e-06,0.000251012786165105,0.955
"163",163,0.005,"NA",30,"large",0,-2.16174889447492e-05,-0.00432349778894983,2.78546792109322e-07,5.57093584218643e-05,0.939
"164",164,0.005,"NA",30,"mix",0,-3.16843575033848e-05,-0.00633687150067697,1.42592185635567e-06,0.000285184371271135,0.957
"165",165,0.005,"NA",30,"small",0,8.14787314861092e-05,0.0162957462972218,5.98295343006757e-06,0.00119659068601351,0.968
"166",166,0.005,"NA",30,"medium",0,1.86866967707892e-05,0.00373733935415784,1.35504939012185e-06,0.00027100987802437,0.947
"167",167,0.005,"NA",30,"large",0,-7.3831926402193e-06,-0.00147663852804386,2.73872445172615e-07,5.47744890345229e-05,0.961
"168",168,0.005,"NA",30,"mix",0,2.17440775395332e-05,0.00434881550790664,1.2903969929351e-06,0.00025807939858702,0.957
"169",169,0.005,"unif",5,"small",0.1,-0.000339461820714815,-0.0678923641429631,4.25368754536519e-05,0.00850737509073038,0.954
"170",170,0.005,"unif",5,"small",0.5,8.7054882205362e-05,0.0174109764410724,4.04576342454346e-05,0.00809152684908692,0.961
"171",171,0.005,"unif",5,"medium",0.1,0.000106468320962418,0.0212936641924835,8.02884375459443e-06,0.00160576875091889,0.965
"172",172,0.005,"unif",5,"medium",0.5,0.00027403762409872,0.054807524819744,7.65059253751898e-06,0.0015301185075038,0.978
"173",173,0.005,"unif",5,"large",0.1,-1.13667892578925e-05,-0.00227335785157849,1.7476236294414e-06,0.00034952472588828,0.962
"174",174,0.005,"unif",5,"large",0.5,-2.38517129662778e-05,-0.00477034259325555,1.86686412890164e-06,0.000373372825780328,0.946
"175",175,0.005,"unif",5,"mix",0.1,4.01996363526627e-05,0.00803992727053255,6.19851766228961e-06,0.00123970353245792,0.96
"176",176,0.005,"unif",5,"mix",0.5,3.72031255668236e-05,0.00744062511336471,6.32451407257875e-06,0.00126490281451575,0.963
"177",177,0.005,"unif",15,"small",0.1,1.22530549189886e-05,0.00245061098379771,1.17376858193736e-05,0.00234753716387473,0.965
"178",178,0.005,"unif",15,"small",0.5,0.000106552084626428,0.0213104169252857,1.24682816634315e-05,0.0024936563326863,0.968
"179",179,0.005,"unif",15,"medium",0.1,-1.99844382832463e-05,-0.00399688765664926,2.87574866959381e-06,0.000575149733918762,0.95
"180",180,0.005,"unif",15,"medium",0.5,2.9619020672348e-05,0.00592380413446961,2.50030286591192e-06,0.000500060573182384,0.971
"181",181,0.005,"unif",15,"large",0.1,-2.00048036620404e-06,-0.000400096073240808,5.20327725718163e-07,0.000104065545143633,0.968
"182",182,0.005,"unif",15,"large",0.5,1.38583892273315e-05,0.00277167784546629,5.61812937798459e-07,0.000112362587559692,0.948
"183",183,0.005,"unif",15,"mix",0.1,-5.88934369150915e-05,-0.0117786873830183,3.37736588564421e-06,0.000675473177128841,0.957
"184",184,0.005,"unif",15,"mix",0.5,-1.95862506545434e-05,-0.00391725013090868,3.29562278670648e-06,0.000659124557341297,0.961
"185",185,0.005,"unif",30,"small",0.1,-0.000108388900367665,-0.021677780073533,6.16294319653115e-06,0.00123258863930623,0.961
"186",186,0.005,"unif",30,"small",0.5,-5.42422225979288e-05,-0.0108484445195858,6.28495726481848e-06,0.0012569914529637,0.961
"187",187,0.005,"unif",30,"medium",0.1,-4.37900596496303e-05,-0.00875801192992606,1.39031310493103e-06,0.000278062620986207,0.937
"188",188,0.005,"unif",30,"medium",0.5,4.49525039596666e-05,0.00899050079193332,1.28349956339779e-06,0.000256699912679559,0.963
"189",189,0.005,"unif",30,"large",0.1,8.33862297229004e-06,0.00166772459445801,2.77547784358205e-07,5.55095568716411e-05,0.943
"190",190,0.005,"unif",30,"large",0.5,1.80957158283649e-05,0.00361914316567297,2.78656322942349e-07,5.57312645884697e-05,0.963
"191",191,0.005,"unif",30,"mix",0.1,4.56678227072906e-05,0.00913356454145811,1.37237209696998e-06,0.000274474419393995,0.954
"192",192,0.005,"unif",30,"mix",0.5,5.33928217477465e-06,0.00106785643495493,1.46647191851207e-06,0.000293294383702414,0.942
"193",193,0.005,"beta",5,"small",0.1,9.61020134033039e-05,0.0192204026806608,4.49336093595124e-05,0.00898672187190247,0.954
"194",194,0.005,"beta",5,"small",0.5,-0.000245221793845132,-0.0490443587690264,4.05937904257327e-05,0.00811875808514653,0.96
"195",195,0.005,"beta",5,"medium",0.1,1.15458042460204e-05,0.00230916084920407,8.01831321685609e-06,0.00160366264337122,0.974
"196",196,0.005,"beta",5,"medium",0.5,-5.64877234350722e-05,-0.0112975446870144,8.37154278099486e-06,0.00167430855619897,0.964
"197",197,0.005,"beta",5,"large",0.1,-5.18601154399972e-05,-0.0103720230879994,1.78364916539893e-06,0.000356729833079786,0.953
"198",198,0.005,"beta",5,"large",0.5,-1.03173586050524e-05,-0.00206347172101048,1.76332331969007e-06,0.000352664663938013,0.957
"199",199,0.005,"beta",5,"mix",0.1,3.80286580720485e-05,0.00760573161440971,5.83843672758676e-06,0.00116768734551735,0.968
"200",200,0.005,"beta",5,"mix",0.5,-6.41046409016619e-05,-0.0128209281803324,6.07977589197738e-06,0.00121595517839548,0.968
"201",201,0.005,"beta",15,"small",0.1,5.3799317787281e-05,0.0107598635574562,1.291074950118e-05,0.002582149900236,0.955
"202",202,0.005,"beta",15,"small",0.5,-8.19101611422711e-05,-0.0163820322284542,1.24088047162295e-05,0.0024817609432459,0.962
"203",203,0.005,"beta",15,"medium",0.1,6.26599192050828e-05,0.0125319838410166,2.69170894317295e-06,0.00053834178863459,0.953
"204",204,0.005,"beta",15,"medium",0.5,0.000103839844721726,0.0207679689443452,2.81485972645659e-06,0.000562971945291317,0.964
"205",205,0.005,"beta",15,"large",0.1,-3.93390992022958e-06,-0.000786781984045917,5.57335895102722e-07,0.000111467179020544,0.947
"206",206,0.005,"beta",15,"large",0.5,2.57893872241581e-05,0.00515787744483162,5.17304466647749e-07,0.00010346089332955,0.961
"207",207,0.005,"beta",15,"mix",0.1,1.2135330991867e-05,0.00242706619837339,3.26227772360162e-06,0.000652455544720324,0.959
"208",208,0.005,"beta",15,"mix",0.5,-3.5886130108552e-05,-0.00717722602171041,3.39873030677806e-06,0.000679746061355612,0.964
"209",209,0.005,"beta",30,"small",0.1,-7.69173526806944e-05,-0.0153834705361389,6.28505309900181e-06,0.00125701061980036,0.958
"210",210,0.005,"beta",30,"small",0.5,-3.89241733340258e-05,-0.00778483466680517,5.954674321703e-06,0.0011909348643406,0.965
"211",211,0.005,"beta",30,"medium",0.1,-4.15536467141595e-05,-0.0083107293428319,1.32357842624276e-06,0.000264715685248553,0.955
"212",212,0.005,"beta",30,"medium",0.5,2.08049587079256e-05,0.00416099174158513,1.25336306855941e-06,0.000250672613711882,0.959
"213",213,0.005,"beta",30,"large",0.1,-6.55019927293148e-06,-0.0013100398545863,3.03033482275507e-07,6.06066964551013e-05,0.937
"214",214,0.005,"beta",30,"large",0.5,-2.93192941575e-05,-0.0058638588315,3.05027370628706e-07,6.10054741257412e-05,0.941
"215",215,0.005,"beta",30,"mix",0.1,-3.09710613499617e-06,-0.000619421226999234,1.48594165914572e-06,0.000297188331829144,0.947
"216",216,0.005,"beta",30,"mix",0.5,1.97840088538209e-05,0.00395680177076419,1.23891688218847e-06,0.000247783376437694,0.967
"217",217,0.01,"NA",5,"small",0,5.75275696362062e-05,0.00575275696362062,7.02904602918245e-05,0.00702904602918245,0.97
"218",218,0.01,"NA",5,"medium",0,0.000170036821707755,0.0170036821707755,1.58993658881802e-05,0.00158993658881802,0.961
"219",219,0.01,"NA",5,"large",0,-7.58764750470592e-06,-0.000758764750470592,3.42459481307724e-06,0.000342459481307724,0.949
"220",220,0.01,"NA",5,"mix",0,4.74150267321815e-05,0.00474150267321815,1.12320249999984e-05,0.00112320249999984,0.968
"221",221,0.01,"NA",5,"small",0,4.26867700763274e-06,0.000426867700763275,7.35927058453799e-05,0.00735927058453799,0.965
"222",222,0.01,"NA",5,"medium",0,-0.000151113057656907,-0.0151113057656907,1.52296830147801e-05,0.00152296830147801,0.968
"223",223,0.01,"NA",5,"large",0,3.08973018137268e-05,0.00308973018137268,3.22749034803849e-06,0.000322749034803849,0.958
"224",224,0.01,"NA",5,"mix",0,5.28236467632215e-05,0.00528236467632215,1.15172728787906e-05,0.00115172728787906,0.955
"225",225,0.01,"NA",15,"small",0,0.000178803002978375,0.0178803002978375,2.479095956077e-05,0.002479095956077,0.969
"226",226,0.01,"NA",15,"medium",0,-8.37428924700302e-05,-0.00837428924700302,5.767204126969e-06,0.0005767204126969,0.944
"227",227,0.01,"NA",15,"large",0,-6.26415189842976e-05,-0.00626415189842976,1.11852894755224e-06,0.000111852894755224,0.951
"228",228,0.01,"NA",15,"mix",0,8.21027208344724e-05,0.00821027208344724,6.58680240567576e-06,0.000658680240567576,0.947
"229",229,0.01,"NA",15,"small",0,0.000195241927744669,0.0195241927744669,2.41862252707965e-05,0.00241862252707965,0.968
"230",230,0.01,"NA",15,"medium",0,6.0105948883775e-07,6.01059488837754e-05,5.36544256978879e-06,0.000536544256978879,0.946
"231",231,0.01,"NA",15,"large",0,-8.73221296871725e-06,-0.000873221296871725,1.08467446589873e-06,0.000108467446589873,0.949
"232",232,0.01,"NA",15,"mix",0,-0.000162191270314132,-0.0162191270314132,5.85564326982866e-06,0.000585564326982866,0.958
"233",233,0.01,"NA",30,"small",0,0.000129071105144696,0.0129071105144696,1.17633702654585e-05,0.00117633702654585,0.966
"234",234,0.01,"NA",30,"medium",0,-4.4339435504615e-05,-0.0044339435504615,2.49438781368364e-06,0.000249438781368364,0.963
"235",235,0.01,"NA",30,"large",0,-3.08887478165067e-05,-0.00308887478165067,5.36308587269168e-07,5.36308587269168e-05,0.952
"236",236,0.01,"NA",30,"mix",0,-9.45453112597656e-05,-0.00945453112597656,2.81929307713442e-06,0.000281929307713442,0.945
"237",237,0.01,"NA",30,"small",0,-9.36016768551262e-05,-0.00936016768551262,1.24291525792743e-05,0.00124291525792743,0.952
"238",238,0.01,"NA",30,"medium",0,-9.68459208110605e-05,-0.00968459208110605,2.5677937967542e-06,0.00025677937967542,0.949
"239",239,0.01,"NA",30,"large",0,4.88118355710915e-07,4.88118355710914e-05,5.70272640644272e-07,5.70272640644272e-05,0.944
"240",240,0.01,"NA",30,"mix",0,8.99627078470498e-05,0.00899627078470498,2.83298015000215e-06,0.000283298015000215,0.947
"241",241,0.01,"unif",5,"small",0.1,-6.58167186189494e-05,-0.00658167186189494,7.81375845860749e-05,0.00781375845860749,0.953
"242",242,0.01,"unif",5,"small",0.5,0.000226537000442122,0.0226537000442122,7.39738173165708e-05,0.00739738173165708,0.962
"243",243,0.01,"unif",5,"medium",0.1,0.000146129519571402,0.0146129519571402,1.68558923085613e-05,0.00168558923085613,0.97
"244",244,0.01,"unif",5,"medium",0.5,5.02594668223049e-05,0.00502594668223049,1.63321988510397e-05,0.00163321988510397,0.96
"245",245,0.01,"unif",5,"large",0.1,3.60731712247759e-05,0.00360731712247759,3.36288163451412e-06,0.000336288163451412,0.952
"246",246,0.01,"unif",5,"large",0.5,1.81452996078897e-05,0.00181452996078897,3.18700515559598e-06,0.000318700515559598,0.955
"247",247,0.01,"unif",5,"mix",0.1,9.84902114353536e-05,0.00984902114353536,1.16520121228458e-05,0.00116520121228458,0.96
"248",248,0.01,"unif",5,"mix",0.5,-9.12519184076203e-05,-0.00912519184076203,1.16613467482843e-05,0.00116613467482843,0.959
"249",249,0.01,"unif",15,"small",0.1,9.14937735145268e-05,0.00914937735145268,2.52317706355629e-05,0.00252317706355629,0.962
"250",250,0.01,"unif",15,"small",0.5,-0.000127921949920824,-0.0127921949920824,2.30789269482498e-05,0.00230789269482498,0.971
"251",251,0.01,"unif",15,"medium",0.1,-0.000101337112329363,-0.0101337112329363,5.44032307181425e-06,0.000544032307181425,0.95
"252",252,0.01,"unif",15,"medium",0.5,-3.38838847720411e-05,-0.00338838847720411,5.01150243164644e-06,0.000501150243164644,0.958
"253",253,0.01,"unif",15,"large",0.1,3.04561775922888e-05,0.00304561775922888,1.08435828564178e-06,0.000108435828564178,0.957
"254",254,0.01,"unif",15,"large",0.5,3.99545121730599e-05,0.00399545121730599,1.20485487149574e-06,0.000120485487149574,0.941
"255",255,0.01,"unif",15,"mix",0.1,5.42358738782697e-05,0.00542358738782697,6.82789514032612e-06,0.000682789514032612,0.951
"256",256,0.01,"unif",15,"mix",0.5,6.49752014469476e-05,0.00649752014469476,5.93577708275432e-06,0.000593577708275432,0.959
"257",257,0.01,"unif",30,"small",0.1,-0.00031356743268704,-0.031356743268704,1.22279064981739e-05,0.00122279064981739,0.961
"258",258,0.01,"unif",30,"small",0.5,-0.000200325473736562,-0.0200325473736562,1.21118024964996e-05,0.00121118024964996,0.961
"259",259,0.01,"unif",30,"medium",0.1,3.54324066020854e-09,3.54324066020712e-07,2.47736965405911e-06,0.000247736965405911,0.957
"260",260,0.01,"unif",30,"medium",0.5,-9.14621143369629e-05,-0.00914621143369629,2.77340013880712e-06,0.000277340013880712,0.941
"261",261,0.01,"unif",30,"large",0.1,1.47128070890777e-05,0.00147128070890777,5.77422427388904e-07,5.77422427388904e-05,0.948
"262",262,0.01,"unif",30,"large",0.5,-8.09061850311153e-06,-0.000809061850311153,5.36961205863345e-07,5.36961205863345e-05,0.961
"263",263,0.01,"unif",30,"mix",0.1,-6.57434661281769e-05,-0.00657434661281769,2.65458114446379e-06,0.000265458114446379,0.957
"264",264,0.01,"unif",30,"mix",0.5,6.79053826824137e-06,0.000679053826824137,2.74468399383121e-06,0.000274468399383121,0.953
"265",265,0.01,"beta",5,"small",0.1,8.35183653452723e-05,0.00835183653452723,7.54762226537271e-05,0.00754762226537271,0.965
"266",266,0.01,"beta",5,"small",0.5,-8.7976371171863e-05,-0.0087976371171863,8.17896549196299e-05,0.00817896549196299,0.958
"267",267,0.01,"beta",5,"medium",0.1,8.80884909801454e-05,0.00880884909801454,1.74349164859029e-05,0.00174349164859029,0.959
"268",268,0.01,"beta",5,"medium",0.5,-8.02223378070369e-05,-0.00802223378070369,1.77334589600962e-05,0.00177334589600962,0.953
"269",269,0.01,"beta",5,"large",0.1,2.18313336891433e-05,0.00218313336891433,3.2683945642477e-06,0.00032683945642477,0.957
"270",270,0.01,"beta",5,"large",0.5,5.6508792062644e-05,0.0056508792062644,3.29104932779092e-06,0.000329104932779092,0.965
"271",271,0.01,"beta",5,"mix",0.1,-8.12305356991745e-05,-0.00812305356991745,1.20648605297092e-05,0.00120648605297092,0.962
"272",272,0.01,"beta",5,"mix",0.5,1.41132123554549e-05,0.00141132123554549,1.31524835244084e-05,0.00131524835244084,0.946
"273",273,0.01,"beta",15,"small",0.1,0.000136980374492025,0.0136980374492025,2.41566695655082e-05,0.00241566695655082,0.961
"274",274,0.01,"beta",15,"small",0.5,-0.000220523840579754,-0.0220523840579754,2.38477606383847e-05,0.00238477606383847,0.967
"275",275,0.01,"beta",15,"medium",0.1,2.07873075402411e-06,0.000207873075402411,5.56360249091904e-06,0.000556360249091904,0.943
"276",276,0.01,"beta",15,"medium",0.5,-1.62918188847472e-05,-0.00162918188847472,4.77491578101282e-06,0.000477491578101282,0.968
"277",277,0.01,"beta",15,"large",0.1,1.15848536614801e-05,0.00115848536614801,1.04078910664675e-06,0.000104078910664675,0.955
"278",278,0.01,"beta",15,"large",0.5,-3.14965287318808e-05,-0.00314965287318808,1.04398015853463e-06,0.000104398015853463,0.957
"279",279,0.01,"beta",15,"mix",0.1,4.01550416124415e-05,0.00401550416124415,6.14124590129453e-06,0.000614124590129453,0.964
"280",280,0.01,"beta",15,"mix",0.5,0.000147172849009135,0.0147172849009135,6.61649780351912e-06,0.000661649780351912,0.953
"281",281,0.01,"beta",30,"small",0.1,4.82953459727735e-05,0.00482953459727735,1.1471852431852e-05,0.0011471852431852,0.965
"282",282,0.01,"beta",30,"small",0.5,6.50490970700763e-05,0.00650490970700763,1.11567407599558e-05,0.00111567407599558,0.973
"283",283,0.01,"beta",30,"medium",0.1,7.76174996166939e-06,0.000776174996166938,2.67599746519182e-06,0.000267599746519182,0.952
"284",284,0.01,"beta",30,"medium",0.5,6.97582487464928e-05,0.00697582487464928,2.76290323774841e-06,0.000276290323774841,0.952
"285",285,0.01,"beta",30,"large",0.1,6.10413612830887e-06,0.000610413612830887,5.68480750620586e-07,5.68480750620586e-05,0.944
"286",286,0.01,"beta",30,"large",0.5,-1.93162101934953e-05,-0.00193162101934953,5.77418463879152e-07,5.77418463879152e-05,0.939
"287",287,0.01,"beta",30,"mix",0.1,1.43389874417089e-05,0.00143389874417089,2.8120819051771e-06,0.00028120819051771,0.945
"288",288,0.01,"beta",30,"mix",0.5,8.10536500001976e-05,0.00810536500001976,2.52203988573106e-06,0.000252203988573106,0.963
"289",289,0.02,"NA",5,"small",0,-0.000565168735091188,-0.0282584367545594,0.000140939988150861,0.00704699940754303,0.969
"290",290,0.02,"NA",5,"medium",0,2.5751715993258e-05,0.0012875857996629,3.38756866361086e-05,0.00169378433180543,0.963
"291",291,0.02,"NA",5,"large",0,5.22404394416285e-05,0.00261202197208143,6.70853905749218e-06,0.000335426952874609,0.957
"292",292,0.02,"NA",5,"mix",0,0.000232525077478571,0.0116262538739285,2.16511241192932e-05,0.00108255620596466,0.967
"293",293,0.02,"NA",5,"small",0,0.000461283982125171,0.0230641991062585,0.000146406770902772,0.00732033854513859,0.973
"294",294,0.02,"NA",5,"medium",0,9.29580300087388e-05,0.00464790150043694,3.16642925433726e-05,0.00158321462716863,0.959
"295",295,0.02,"NA",5,"large",0,-6.97333290465244e-05,-0.00348666645232622,6.40283547544901e-06,0.00032014177377245,0.959
"296",296,0.02,"NA",5,"mix",0,9.99491697114056e-05,0.00499745848557028,2.46097516742049e-05,0.00123048758371025,0.952
"297",297,0.02,"NA",15,"small",0,0.000122041290332724,0.0061020645166362,5.17704794013145e-05,0.00258852397006573,0.956
"298",298,0.02,"NA",15,"medium",0,-0.000217195132595856,-0.0108597566297928,1.04052993506981e-05,0.000520264967534903,0.956
"299",299,0.02,"NA",15,"large",0,3.88210061820404e-05,0.00194105030910202,2.06979843040936e-06,0.000103489921520468,0.959
"300",300,0.02,"NA",15,"mix",0,9.69204687251517e-05,0.00484602343625759,1.40136333155658e-05,0.000700681665778289,0.943
"301",301,0.02,"NA",15,"small",0,0.000185215006837235,0.00926075034186176,4.7229850169138e-05,0.0023614925084569,0.963
"302",302,0.02,"NA",15,"medium",0,0.000121927994737758,0.00609639973688791,9.82692506468602e-06,0.000491346253234301,0.952
"303",303,0.02,"NA",15,"large",0,8.95404909801597e-05,0.00447702454900798,2.21123211262048e-06,0.000110561605631024,0.947
"304",304,0.02,"NA",15,"mix",0,9.38131768067044e-05,0.00469065884033522,1.23874518749011e-05,0.000619372593745055,0.96
"305",305,0.02,"NA",30,"small",0,0.000309291194295455,0.0154645597147728,2.41469354467821e-05,0.0012073467723391,0.954
"306",306,0.02,"NA",30,"medium",0,3.33311159448419e-05,0.00166655579724209,5.05323998931153e-06,0.000252661999465576,0.953
"307",307,0.02,"NA",30,"large",0,4.72925700670381e-05,0.0023646285033519,1.11905774749069e-06,5.59528873745345e-05,0.949
"308",308,0.02,"NA",30,"mix",0,7.18761194856834e-05,0.00359380597428417,5.40732202094656e-06,0.000270366101047328,0.956
"309",309,0.02,"NA",30,"small",0,8.57697864813308e-05,0.00428848932406654,2.40530877294961e-05,0.00120265438647481,0.955
"310",310,0.02,"NA",30,"medium",0,5.6732015295596e-05,0.0028366007647798,4.67425493867336e-06,0.000233712746933668,0.967
"311",311,0.02,"NA",30,"large",0,3.92162753839555e-05,0.00196081376919777,1.07788152821921e-06,5.38940764109606e-05,0.95
"312",312,0.02,"NA",30,"mix",0,2.00486423340451e-05,0.00100243211670225,5.33304038652834e-06,0.000266652019326417,0.947
"313",313,0.02,"unif",5,"small",0.1,0.000250026851345254,0.0125013425672627,0.000150640269374674,0.00753201346873371,0.969
"314",314,0.02,"unif",5,"small",0.5,-0.000116797030294429,-0.00583985151472146,0.000140051036302712,0.00700255181513559,0.966
"315",315,0.02,"unif",5,"medium",0.1,-0.000159201196177128,-0.00796005980885642,3.21156155379794e-05,0.00160578077689897,0.96
"316",316,0.02,"unif",5,"medium",0.5,-0.00023047135621984,-0.011523567810992,3.19814595832971e-05,0.00159907297916485,0.959
"317",317,0.02,"unif",5,"large",0.1,9.01759790334388e-05,0.00450879895167194,6.58266177853767e-06,0.000329133088926883,0.957
"318",318,0.02,"unif",5,"large",0.5,0.000166814116477544,0.00834070582387722,6.89270238855955e-06,0.000344635119427978,0.946
"319",319,0.02,"unif",5,"mix",0.1,-4.29456411559986e-05,-0.00214728205779993,2.35683340101853e-05,0.00117841670050926,0.956
"320",320,0.02,"unif",5,"mix",0.5,0.000165679518696966,0.00828397593484831,2.23600085843941e-05,0.00111800042921971,0.961
"321",321,0.02,"unif",15,"small",0.1,0.000101415168290617,0.00507075841453084,4.45602200053632e-05,0.00222801100026816,0.97
"322",322,0.02,"unif",15,"small",0.5,-0.000146055113548833,-0.00730275567744166,4.80812361571765e-05,0.00240406180785882,0.959
"323",323,0.02,"unif",15,"medium",0.1,-5.3125092934229e-05,-0.00265625464671145,1.1125108480494e-05,0.000556255424024697,0.941
"324",324,0.02,"unif",15,"medium",0.5,-6.1193819381471e-05,-0.00305969096907355,1.05563925729503e-05,0.000527819628647515,0.952
"325",325,0.02,"unif",15,"large",0.1,-1.59642518347266e-05,-0.000798212591736329,2.06715224237111e-06,0.000103357612118555,0.96
"326",326,0.02,"unif",15,"large",0.5,5.88025268337364e-05,0.00294012634168682,2.08718989615689e-06,0.000104359494807845,0.955
"327",327,0.02,"unif",15,"mix",0.1,3.00337828238167e-06,0.000150168914119084,1.27771320309676e-05,0.000638856601548379,0.953
"328",328,0.02,"unif",15,"mix",0.5,4.05067228667527e-05,0.00202533614333763,1.27879482608231e-05,0.000639397413041157,0.942
"329",329,0.02,"unif",30,"small",0.1,9.39617715737186e-07,4.69808857868585e-05,2.19477036120975e-05,0.00109738518060487,0.964
"330",330,0.02,"unif",30,"small",0.5,0.000202444852390818,0.0101222426195409,2.34324051605368e-05,0.00117162025802684,0.961
"331",331,0.02,"unif",30,"medium",0.1,5.6235871690355e-05,0.00281179358451775,5.29856527438812e-06,0.000264928263719406,0.94
"332",332,0.02,"unif",30,"medium",0.5,6.15269331172629e-05,0.00307634665586314,5.124958132452e-06,0.0002562479066226,0.962
"333",333,0.02,"unif",30,"large",0.1,-4.85752059843409e-05,-0.00242876029921704,1.09635331856251e-06,5.48176659281253e-05,0.951
"334",334,0.02,"unif",30,"large",0.5,1.78617425618837e-05,0.000893087128094184,1.13531276794197e-06,5.67656383970984e-05,0.948
"335",335,0.02,"unif",30,"mix",0.1,0.00019282734339919,0.00964136716995949,5.23415586377067e-06,0.000261707793188533,0.95
"336",336,0.02,"unif",30,"mix",0.5,7.21036423415878e-05,0.00360518211707939,5.49714255465414e-06,0.000274857127732707,0.949
"337",337,0.02,"beta",5,"small",0.1,-0.000549651759585924,-0.0274825879792962,0.000154956348080036,0.0077478174040018,0.96
"338",338,0.02,"beta",5,"small",0.5,4.49804649497217e-05,0.00224902324748608,0.000139278944608806,0.00696394723044028,0.97
"339",339,0.02,"beta",5,"medium",0.1,8.45161168694366e-05,0.00422580584347183,3.3433376377419e-05,0.00167166881887095,0.948
"340",340,0.02,"beta",5,"medium",0.5,-2.92883148598976e-06,-0.000146441574299488,2.99530490197805e-05,0.00149765245098902,0.966
"341",341,0.02,"beta",5,"large",0.1,9.92112934592464e-05,0.00496056467296232,6.24624021489835e-06,0.000312312010744917,0.96
"342",342,0.02,"beta",5,"large",0.5,-6.21366683379987e-05,-0.00310683341689993,6.46951417173726e-06,0.000323475708586863,0.95
"343",343,0.02,"beta",5,"mix",0.1,3.72249837037534e-05,0.00186124918518767,2.41483555938827e-05,0.00120741777969414,0.954
"344",344,0.02,"beta",5,"mix",0.5,-0.000105154278969687,-0.00525771394848436,2.43640584974424e-05,0.00121820292487212,0.954
"345",345,0.02,"beta",15,"small",0.1,0.000127171189618111,0.00635855948090557,4.76102017723764e-05,0.00238051008861882,0.962
"346",346,0.02,"beta",15,"small",0.5,0.00020007802000233,0.0100039010001165,4.91294641406148e-05,0.00245647320703074,0.964
"347",347,0.02,"beta",15,"medium",0.1,-3.02216969457657e-05,-0.00151108484728828,1.03386700216847e-05,0.000516933501084236,0.955
"348",348,0.02,"beta",15,"medium",0.5,7.31548240526318e-05,0.00365774120263159,1.10735502944735e-05,0.000553677514723675,0.947
"349",349,0.02,"beta",15,"large",0.1,-4.37271744076677e-05,-0.00218635872038339,2.22007024126455e-06,0.000111003512063227,0.945
"350",350,0.02,"beta",15,"large",0.5,5.75833611331134e-05,0.00287916805665567,2.16628071221425e-06,0.000108314035610712,0.956
"351",351,0.02,"beta",15,"mix",0.1,-4.9420042480709e-05,-0.00247100212403545,1.3564575018403e-05,0.000678228750920149,0.955
"352",352,0.02,"beta",15,"mix",0.5,-0.000106777042187959,-0.00533885210939795,1.28285948308486e-05,0.000641429741542432,0.958
"353",353,0.02,"beta",30,"small",0.1,0.000250028329442983,0.0125014164721491,2.3797084500879e-05,0.00118985422504395,0.959
"354",354,0.02,"beta",30,"small",0.5,-0.000209507592908826,-0.0104753796454413,2.52207979277781e-05,0.00126103989638891,0.953
"355",355,0.02,"beta",30,"medium",0.1,0.00012205791831708,0.00610289591585398,4.9164440656937e-06,0.000245822203284685,0.96
"356",356,0.02,"beta",30,"medium",0.5,0.000117448285072974,0.00587241425364869,5.20244260622824e-06,0.000260122130311412,0.955
"357",357,0.02,"beta",30,"large",0.1,-3.76883470055827e-06,-0.000188441735027914,1.12170248739527e-06,5.60851243697635e-05,0.947
"358",358,0.02,"beta",30,"large",0.5,-9.37316538138485e-05,-0.00468658269069242,1.13127404476612e-06,5.65637022383058e-05,0.954
"359",359,0.02,"beta",30,"mix",0.1,-6.06671824136206e-06,-0.000303335912068103,5.72574004798066e-06,0.000286287002399033,0.943
"360",360,0.02,"beta",30,"mix",0.5,8.21110254406651e-06,0.000410555127203326,4.96907123817525e-06,0.000248453561908762,0.961
"361",361,0.05,"NA",5,"small",0,-0.000365226972058174,-0.00730453944116347,0.000368539609196642,0.00737079218393283,0.963
"362",362,0.05,"NA",5,"medium",0,-0.000353349790951596,-0.00706699581903193,7.83807324377728e-05,0.00156761464875546,0.943
"363",363,0.05,"NA",5,"large",0,0.000396807853913778,0.00793615707827556,1.63357475880926e-05,0.000326714951761852,0.952
"364",364,0.05,"NA",5,"mix",0,-0.000155941054106078,-0.00311882108212155,5.73225139712374e-05,0.00114645027942475,0.948
"365",365,0.05,"NA",5,"small",0,0.000839154235134338,0.0167830847026868,0.000336504451721949,0.00673008903443898,0.97
"366",366,0.05,"NA",5,"medium",0,9.87685135549756e-05,0.00197537027109951,8.29770318558942e-05,0.00165954063711788,0.942
"367",367,0.05,"NA",5,"large",0,0.000160045957982972,0.00320091915965944,1.61507749772056e-05,0.000323015499544113,0.949
"368",368,0.05,"NA",5,"mix",0,-1.92547593966331e-05,-0.000385095187932663,5.68947070434481e-05,0.00113789414086896,0.947
"369",369,0.05,"NA",15,"small",0,0.000120806360555093,0.00241612721110186,0.000120111471327436,0.00240222942654872,0.952
"370",370,0.05,"NA",15,"medium",0,-0.000207843091535924,-0.00415686183071848,2.6731455370875e-05,0.000534629107417501,0.944
"371",371,0.05,"NA",15,"large",0,-9.64996567532143e-05,-0.00192999313506429,5.03863850529945e-06,0.000100772770105989,0.957
"372",372,0.05,"NA",15,"mix",0,3.1887710279666e-05,0.00063775420559332,2.97429125102125e-05,0.00059485825020425,0.947
"373",373,0.05,"NA",15,"small",0,0.000157155718918033,0.00314311437836065,0.000116702606840111,0.00233405213680222,0.953
"374",374,0.05,"NA",15,"medium",0,-1.74045275258987e-05,-0.000348090550517974,2.58804594314941e-05,0.000517609188629882,0.952
"375",375,0.05,"NA",15,"large",0,-9.9260445760313e-07,-1.98520891520626e-05,4.78274475087368e-06,9.56548950174735e-05,0.97
"376",376,0.05,"NA",15,"mix",0,-2.50105282422655e-05,-0.00050021056484531,3.42932192053079e-05,0.000685864384106158,0.942
"377",377,0.05,"NA",30,"small",0,-0.000278044505930698,-0.00556089011861396,5.7137400657018e-05,0.00114274801314036,0.953
"378",378,0.05,"NA",30,"medium",0,0.000142795943601324,0.00285591887202647,1.22698694587044e-05,0.000245397389174087,0.955
"379",379,0.05,"NA",30,"large",0,5.20443458402653e-05,0.00104088691680531,2.59823440651579e-06,5.19646881303158e-05,0.949
"380",380,0.05,"NA",30,"mix",0,9.04355168852904e-05,0.00180871033770581,1.31791391254797e-05,0.000263582782509594,0.952
"381",381,0.05,"NA",30,"small",0,-0.000430659485304361,-0.00861318970608722,5.62458507898123e-05,0.00112491701579625,0.956
"382",382,0.05,"NA",30,"medium",0,8.63394942957307e-06,0.000172678988591461,1.219119716356e-05,0.0002438239432712,0.958
"383",383,0.05,"NA",30,"large",0,-2.34372821504792e-05,-0.000468745643009585,2.65466384512871e-06,5.30932769025741e-05,0.952
"384",384,0.05,"NA",30,"mix",0,4.02240617302234e-05,0.000804481234604467,1.34794797596076e-05,0.000269589595192153,0.955
"385",385,0.05,"unif",5,"small",0.1,-0.000416315437210576,-0.00832630874421153,0.00038920294037003,0.00778405880740059,0.964
"386",386,0.05,"unif",5,"small",0.5,-0.000539504275869933,-0.0107900855173987,0.000367176807946098,0.00734353615892196,0.967
"387",387,0.05,"unif",5,"medium",0.1,0.00024290473595377,0.00485809471907539,7.98109077641334e-05,0.00159621815528267,0.955
"388",388,0.05,"unif",5,"medium",0.5,4.36435130778542e-06,8.72870261557071e-05,7.53691316723537e-05,0.00150738263344707,0.952
"389",389,0.05,"unif",5,"large",0.1,-6.77577544520217e-05,-0.00135515508904043,1.6701687954574e-05,0.00033403375909148,0.943
"390",390,0.05,"unif",5,"large",0.5,0.00010061171567237,0.0020122343134474,1.83587332877962e-05,0.000367174665755925,0.941
"391",391,0.05,"unif",5,"mix",0.1,-0.000334221428718822,-0.00668442857437644,5.95059651082399e-05,0.0011901193021648,0.949
"392",392,0.05,"unif",5,"mix",0.5,-4.53587453439059e-05,-0.000907174906878119,5.89874689242671e-05,0.00117974937848534,0.94
"393",393,0.05,"unif",15,"small",0.1,-2.51751018231355e-05,-0.000503502036462712,0.000113994374148933,0.00227988748297867,0.944
"394",394,0.05,"unif",15,"small",0.5,8.15793556662867e-05,0.00163158711332573,0.000114431063306943,0.00228862126613886,0.955
"395",395,0.05,"unif",15,"medium",0.1,0.000195078544256495,0.0039015708851299,2.63881882888909e-05,0.000527763765777817,0.944
"396",396,0.05,"unif",15,"medium",0.5,-6.06497413810657e-06,-0.000121299482762131,2.53751982106014e-05,0.000507503964212029,0.949
"397",397,0.05,"unif",15,"large",0.1,3.43573050924922e-05,0.000687146101849845,5.32180535111734e-06,0.000106436107022347,0.948
"398",398,0.05,"unif",15,"large",0.5,-1.13509312817921e-06,-2.27018625635841e-05,5.59078827965752e-06,0.00011181576559315,0.943
"399",399,0.05,"unif",15,"mix",0.1,-0.000213782847915804,-0.00427565695831607,3.13124274976743e-05,0.000626248549953485,0.95
"400",400,0.05,"unif",15,"mix",0.5,8.76695982052509e-05,0.00175339196410502,3.21139374957017e-05,0.000642278749914033,0.943
"401",401,0.05,"unif",30,"small",0.1,0.000155320547542488,0.00310641095084976,5.71183649157159e-05,0.00114236729831432,0.956
"402",402,0.05,"unif",30,"small",0.5,0.000262840059033498,0.00525680118066997,5.60769164466303e-05,0.00112153832893261,0.957
"403",403,0.05,"unif",30,"medium",0.1,-0.00019188272715999,-0.00383765454319981,1.19097727045521e-05,0.000238195454091042,0.955
"404",404,0.05,"unif",30,"medium",0.5,-0.000126796400882217,-0.00253592801764435,1.31592519961186e-05,0.000263185039922372,0.941
"405",405,0.05,"unif",30,"large",0.1,-5.9177959296574e-05,-0.00118355918593148,2.61808448954529e-06,5.23616897909058e-05,0.95
"406",406,0.05,"unif",30,"large",0.5,6.33556067870428e-05,0.00126711213574086,2.53592077497199e-06,5.07184154994398e-05,0.957
"407",407,0.05,"unif",30,"mix",0.1,-0.000138678026064969,-0.00277356052129937,1.41786785511846e-05,0.000283573571023692,0.931
"408",408,0.05,"unif",30,"mix",0.5,-3.46452265165191e-05,-0.000692904530330382,1.39684964438122e-05,0.000279369928876243,0.94
"409",409,0.05,"beta",5,"small",0.1,-0.000102667339306456,-0.00205334678612913,0.000380002969071649,0.00760005938143298,0.968
"410",410,0.05,"beta",5,"small",0.5,0.000249739362475014,0.00499478724950028,0.000345312504013348,0.00690625008026695,0.965
"411",411,0.05,"beta",5,"medium",0.1,-0.000215289851203685,-0.0043057970240737,7.59791962296739e-05,0.00151958392459348,0.956
"412",412,0.05,"beta",5,"medium",0.5,-0.000108328198282766,-0.00216656396565533,7.51995811891663e-05,0.00150399162378333,0.963
"413",413,0.05,"beta",5,"large",0.1,8.35541459960005e-06,0.000167108291992001,1.71146842980225e-05,0.00034229368596045,0.938
"414",414,0.05,"beta",5,"large",0.5,-5.74584196453967e-05,-0.00114916839290793,1.66998728189326e-05,0.000333997456378653,0.941
"415",415,0.05,"beta",5,"mix",0.1,0.000387115768444869,0.00774231536889738,5.57648148624813e-05,0.00111529629724963,0.956
"416",416,0.05,"beta",5,"mix",0.5,0.000124594947154014,0.00249189894308027,5.93924292292936e-05,0.00118784858458587,0.954
"417",417,0.05,"beta",15,"small",0.1,7.4171939382036e-05,0.00148343878764072,0.000107591752589448,0.00215183505178897,0.956
"418",418,0.05,"beta",15,"small",0.5,-0.000177240188073779,-0.00354480376147558,0.000115283317589524,0.00230566635179048,0.953
"419",419,0.05,"beta",15,"medium",0.1,-0.000127775393742429,-0.00255550787484858,2.47208237541116e-05,0.000494416475082231,0.955
"420",420,0.05,"beta",15,"medium",0.5,-0.00029297715166124,-0.00585954303322479,2.7457426704436e-05,0.000549148534088721,0.944
"421",421,0.05,"beta",15,"large",0.1,-1.66815448111406e-06,-3.33630896222811e-05,5.09095145209887e-06,0.000101819029041977,0.957
"422",422,0.05,"beta",15,"large",0.5,-2.5793532337827e-05,-0.000515870646756541,5.96717618955549e-06,0.00011934352379111,0.943
"423",423,0.05,"beta",15,"mix",0.1,-0.000400979112665134,-0.00801958225330269,2.89331784292806e-05,0.000578663568585613,0.955
"424",424,0.05,"beta",15,"mix",0.5,-5.10884032261471e-05,-0.00102176806452294,3.55964289534929e-05,0.000711928579069859,0.937
"425",425,0.05,"beta",30,"small",0.1,-0.000195440270248824,-0.00390880540497648,6.11468654077548e-05,0.0012229373081551,0.944
"426",426,0.05,"beta",30,"small",0.5,0.000222993707990999,0.00445987415981998,5.61275372037119e-05,0.00112255074407424,0.951
"427",427,0.05,"beta",30,"medium",0.1,0.000132329351688524,0.00264658703377047,1.33218035479302e-05,0.000266436070958605,0.943
"428",428,0.05,"beta",30,"medium",0.5,0.000170697966484239,0.00341395932968478,1.2574319198716e-05,0.00025148638397432,0.951
"429",429,0.05,"beta",30,"large",0.1,1.72101200266234e-05,0.000344202400532469,2.60268734131078e-06,5.20537468262157e-05,0.958
"430",430,0.05,"beta",30,"large",0.5,1.743656632712e-05,0.000348731326542401,2.82689906011014e-06,5.65379812022027e-05,0.941
"431",431,0.05,"beta",30,"mix",0.1,1.97980065128541e-06,3.95960130257082e-05,1.27095396492539e-05,0.000254190792985078,0.957
"432",432,0.05,"beta",30,"mix",0.5,-0.000163236975985962,-0.00326473951971924,1.33641951334978e-05,0.000267283902669957,0.942
"433",433,0.1,"NA",5,"small",0,-8.09419638199802e-05,-0.000809419638199804,0.000697069785326382,0.00697069785326382,0.952
"434",434,0.1,"NA",5,"medium",0,0.000116882227858804,0.00116882227858804,0.000151172975124986,0.00151172975124986,0.945
"435",435,0.1,"NA",5,"large",0,0.000156453769019707,0.00156453769019707,3.15650979974594e-05,0.000315650979974594,0.954
"436",436,0.1,"NA",5,"mix",0,-5.05827348033676e-05,-0.000505827348033676,0.000107796777248201,0.00107796777248201,0.955
"437",437,0.1,"NA",5,"small",0,0.00136405273253817,0.0136405273253817,0.000690972260032221,0.00690972260032221,0.957
"438",438,0.1,"NA",5,"medium",0,0.000329504612726226,0.00329504612726226,0.000152231507777466,0.00152231507777466,0.948
"439",439,0.1,"NA",5,"large",0,0.000177426531203567,0.00177426531203567,3.25654842512328e-05,0.000325654842512328,0.955
"440",440,0.1,"NA",5,"mix",0,-1.26297591794959e-05,-0.00012629759179496,0.00010021685306829,0.0010021685306829,0.955
"441",441,0.1,"NA",15,"small",0,-0.00021307587728196,-0.0021307587728196,0.000242489464280113,0.00242489464280113,0.945
"442",442,0.1,"NA",15,"medium",0,-2.64854557840636e-05,-0.000264854557840636,4.83878291775345e-05,0.000483878291775345,0.939
"443",443,0.1,"NA",15,"large",0,-3.819393091282e-05,-0.0003819393091282,9.87462905700625e-06,9.87462905700625e-05,0.957
"444",444,0.1,"NA",15,"mix",0,4.07546342937241e-05,0.000407546342937241,5.52262571502227e-05,0.000552262571502227,0.952
"445",445,0.1,"NA",15,"small",0,-0.000690398978630801,-0.00690398978630801,0.000230797307188632,0.00230797307188632,0.956
"446",446,0.1,"NA",15,"medium",0,-4.86288329497656e-05,-0.000486288329497656,4.5501276343809e-05,0.00045501276343809,0.953
"447",447,0.1,"NA",15,"large",0,7.27878995872332e-06,7.27878995872332e-05,1.02768592413038e-05,0.000102768592413038,0.955
"448",448,0.1,"NA",15,"mix",0,0.000322899006174774,0.00322899006174774,5.97193708371278e-05,0.000597193708371278,0.947
"449",449,0.1,"NA",30,"small",0,0.000545141724916844,0.00545141724916844,0.000117611982155181,0.00117611982155181,0.939
"450",450,0.1,"NA",30,"medium",0,0.000327619808305616,0.00327619808305616,2.50283097246374e-05,0.000250283097246374,0.944
"451",451,0.1,"NA",30,"large",0,5.48552869943412e-06,5.48552869943413e-05,4.78233279381862e-06,4.78233279381862e-05,0.954
"452",452,0.1,"NA",30,"mix",0,4.47272248280013e-05,0.000447272248280013,2.49155454131634e-05,0.000249155454131634,0.95
"453",453,0.1,"NA",30,"small",0,8.55434601599555e-05,0.000855434601599555,0.000110149511372414,0.00110149511372414,0.954
"454",454,0.1,"NA",30,"medium",0,0.000215434585131423,0.00215434585131423,2.33706473916429e-05,0.000233706473916429,0.947
"455",455,0.1,"NA",30,"large",0,-1.14792461744466e-05,-0.000114792461744466,5.13229115487644e-06,5.13229115487644e-05,0.942
"456",456,0.1,"NA",30,"mix",0,-0.000334689919953908,-0.00334689919953908,2.46196044397811e-05,0.000246196044397811,0.942
"457",457,0.1,"unif",5,"small",0.1,-0.0023038871076149,-0.023038871076149,0.000722794900244343,0.00722794900244343,0.949
"458",458,0.1,"unif",5,"small",0.5,0.00150132213260452,0.0150132213260452,0.000727246741282948,0.00727246741282948,0.953
"459",459,0.1,"unif",5,"medium",0.1,6.80755272734679e-05,0.000680755272734678,0.000154134673313603,0.00154134673313603,0.944
"460",460,0.1,"unif",5,"medium",0.5,-0.000843431503633167,-0.00843431503633167,0.000156680060689776,0.00156680060689776,0.945
"461",461,0.1,"unif",5,"large",0.1,-0.000125988801222695,-0.00125988801222695,3.40653468555228e-05,0.000340653468555228,0.946
"462",462,0.1,"unif",5,"large",0.5,-0.000169778556579069,-0.00169778556579069,3.4752897567519e-05,0.00034752897567519,0.934
"463",463,0.1,"unif",5,"mix",0.1,-4.312742277893e-05,-0.0004312742277893,0.000113388136445373,0.00113388136445373,0.942
"464",464,0.1,"unif",5,"mix",0.5,0.000610339647514077,0.00610339647514077,0.000119368982544013,0.00119368982544013,0.941
"465",465,0.1,"unif",15,"small",0.1,0.00101582470774943,0.0101582470774942,0.000217681312713682,0.00217681312713682,0.955
"466",466,0.1,"unif",15,"small",0.5,-0.000472220472526954,-0.00472220472526954,0.000223797066121476,0.00223797066121475,0.955
"467",467,0.1,"unif",15,"medium",0.1,-0.000151011238415562,-0.00151011238415562,5.16147113671096e-05,0.000516147113671096,0.94
"468",468,0.1,"unif",15,"medium",0.5,-0.000101582539974125,-0.00101582539974125,4.82154670932549e-05,0.000482154670932549,0.948
"469",469,0.1,"unif",15,"large",0.1,-5.59110354352951e-05,-0.000559110354352951,1.03493164324277e-05,0.000103493164324277,0.951
"470",470,0.1,"unif",15,"large",0.5,4.53720210667365e-05,0.000453720210667365,1.22219155109229e-05,0.000122219155109229,0.931
"471",471,0.1,"unif",15,"mix",0.1,-7.72020160725087e-05,-0.000772020160725087,5.89866783886657e-05,0.000589866783886657,0.945
"472",472,0.1,"unif",15,"mix",0.5,0.000143362709643231,0.00143362709643231,5.92850147701093e-05,0.000592850147701093,0.952
"473",473,0.1,"unif",30,"small",0.1,0.000101549742520704,0.00101549742520704,0.000104689786175502,0.00104689786175502,0.956
"474",474,0.1,"unif",30,"small",0.5,0.000378890504443196,0.00378890504443196,0.000111465417463499,0.00111465417463499,0.94
"475",475,0.1,"unif",30,"medium",0.1,2.24759954835671e-05,0.000224759954835671,2.27804261105618e-05,0.000227804261105618,0.951
"476",476,0.1,"unif",30,"medium",0.5,0.000175687018682588,0.00175687018682588,2.52049527156368e-05,0.000252049527156368,0.942
"477",477,0.1,"unif",30,"large",0.1,4.51884974566761e-05,0.000451884974566761,5.08907685222036e-06,5.08907685222036e-05,0.951
"478",478,0.1,"unif",30,"large",0.5,-2.98955503974296e-05,-0.000298955503974296,6.04617198548673e-06,6.04617198548673e-05,0.932
"479",479,0.1,"unif",30,"mix",0.1,-3.54038711702668e-05,-0.000354038711702667,2.62164515419633e-05,0.000262164515419633,0.933
"480",480,0.1,"unif",30,"mix",0.5,-8.61862100913444e-05,-0.000861862100913444,2.76462825130306e-05,0.000276462825130306,0.932
"481",481,0.1,"beta",5,"small",0.1,0.0012089978610318,0.012089978610318,0.000709044512592842,0.00709044512592842,0.961
"482",482,0.1,"beta",5,"small",0.5,-0.00129110421386613,-0.0129110421386613,0.000732786367901544,0.00732786367901544,0.942
"483",483,0.1,"beta",5,"medium",0.1,0.000368705537799597,0.00368705537799597,0.000142703345663279,0.00142703345663279,0.958
"484",484,0.1,"beta",5,"medium",0.5,0.000274567602922816,0.00274567602922816,0.000147643133896579,0.00147643133896579,0.952
"485",485,0.1,"beta",5,"large",0.1,0.000137895207889579,0.00137895207889578,3.09566060614728e-05,0.000309566060614728,0.955
"486",486,0.1,"beta",5,"large",0.5,3.12205906815309e-06,3.12205906815309e-05,3.77591260416792e-05,0.000377591260416792,0.929
"487",487,0.1,"beta",5,"mix",0.1,-0.000353844072353422,-0.00353844072353422,0.000106598429144333,0.00106598429144333,0.94
"488",488,0.1,"beta",5,"mix",0.5,0.000248909647029834,0.00248909647029834,0.000119901925520779,0.00119901925520779,0.931
"489",489,0.1,"beta",15,"small",0.1,0.000445946859814044,0.00445946859814044,0.000218104957028018,0.00218104957028018,0.956
"490",490,0.1,"beta",15,"small",0.5,-1.87056061616404e-05,-0.000187056061616404,0.000224915799817839,0.00224915799817839,0.944
"491",491,0.1,"beta",15,"medium",0.1,0.000140118050155168,0.00140118050155168,5.15779182473752e-05,0.000515779182473752,0.941
"492",492,0.1,"beta",15,"medium",0.5,0.000232188727709718,0.00232188727709718,4.89862512865097e-05,0.000489862512865097,0.952
"493",493,0.1,"beta",15,"large",0.1,-0.000244727662904452,-0.00244727662904452,1.04592448915024e-05,0.000104592448915024,0.945
"494",494,0.1,"beta",15,"large",0.5,5.8962711138308e-05,0.00058962711138308,1.19911967729241e-05,0.000119911967729241,0.93
"495",495,0.1,"beta",15,"mix",0.1,0.000337808636923912,0.00337808636923912,5.64862949841334e-05,0.000564862949841334,0.957
"496",496,0.1,"beta",15,"mix",0.5,0.00020818964428603,0.0020818964428603,6.7034262367081e-05,0.00067034262367081,0.923
"497",497,0.1,"beta",30,"small",0.1,-0.000877202068231011,-0.00877202068231011,0.000108463547458951,0.00108463547458951,0.949
"498",498,0.1,"beta",30,"small",0.5,-0.00040114852328406,-0.0040114852328406,0.000101218839793441,0.00101218839793441,0.963
"499",499,0.1,"beta",30,"medium",0.1,-7.56213432536249e-05,-0.000756213432536249,2.25209281966199e-05,0.000225209281966199,0.957
"500",500,0.1,"beta",30,"medium",0.5,8.11717376347241e-05,0.000811717376347241,2.31968259263872e-05,0.000231968259263872,0.96
"501",501,0.1,"beta",30,"large",0.1,-8.32227103843552e-05,-0.000832227103843552,5.06862622021644e-06,5.06862622021644e-05,0.947
"502",502,0.1,"beta",30,"large",0.5,5.26905059949005e-05,0.000526905059949005,5.95782733474075e-06,5.95782733474075e-05,0.929
"503",503,0.1,"beta",30,"mix",0.1,2.68463359592608e-05,0.000268463359592608,2.46646190489951e-05,0.000246646190489951,0.953
"504",504,0.1,"beta",30,"mix",0.5,-0.000299115424485964,-0.00299115424485964,2.79871780923638e-05,0.000279871780923638,0.938
"505",505,0.2,"NA",5,"small",0,-0.000700111357039338,-0.00350055678519669,0.00129183967803997,0.00645919839019984,0.947
"506",506,0.2,"NA",5,"medium",0,7.49322352155044e-05,0.000374661176077522,0.00022785020548667,0.00113925102743335,0.96
"507",507,0.2,"NA",5,"large",0,0.00046611141545142,0.0023305570772571,5.2583463546711e-05,0.000262917317733555,0.952
"508",508,0.2,"NA",5,"mix",0,0.000714819636096391,0.00357409818048196,0.000190658260609015,0.000953291303045076,0.961
"509",509,0.2,"NA",5,"small",0,-0.000107655495542401,-0.000538277477712005,0.00132634763747872,0.00663173818739359,0.954
"510",510,0.2,"NA",5,"medium",0,-0.00019512728730644,-0.0009756364365322,0.000253479933313844,0.00126739966656922,0.951
"511",511,0.2,"NA",5,"large",0,9.32759838479888e-05,0.000466379919239944,5.31694171331314e-05,0.000265847085665657,0.958
"512",512,0.2,"NA",5,"mix",0,0.00034859847413904,0.0017429923706952,0.000194523524360992,0.000972617621804962,0.951
"513",513,0.2,"NA",15,"small",0,-0.000437625835936247,-0.00218812917968123,0.000366454999101192,0.00183227499550596,0.968
"514",514,0.2,"NA",15,"medium",0,0.000440991604400992,0.00220495802200496,8.86284460442121e-05,0.00044314223022106,0.955
"515",515,0.2,"NA",15,"large",0,0.000154915193981341,0.000774575969906705,1.58657035553026e-05,7.93285177765131e-05,0.964
"516",516,0.2,"NA",15,"mix",0,-0.000592957752582241,-0.0029647887629112,0.000101689001428069,0.000508445007140345,0.953
"517",517,0.2,"NA",15,"small",0,7.6656423336554e-05,0.00038328211668277,0.000406727877180946,0.00203363938590473,0.953
"518",518,0.2,"NA",15,"medium",0,0.000416178679407633,0.00208089339703816,7.60918027394226e-05,0.000380459013697113,0.968
"519",519,0.2,"NA",15,"large",0,-0.000130880133885373,-0.000654400669426865,1.61198430199928e-05,8.05992150999642e-05,0.967
"520",520,0.2,"NA",15,"mix",0,-0.000172106723231349,-0.000860533616156744,0.000108403781274455,0.000542018906372274,0.944
"521",521,0.2,"NA",30,"small",0,-0.000158349657048576,-0.000791748285242881,0.000198734251918342,0.000993671259591712,0.951
"522",522,0.2,"NA",30,"medium",0,8.07313162686113e-05,0.000403656581343056,4.15760810688039e-05,0.000207880405344019,0.95
"523",523,0.2,"NA",30,"large",0,2.94617559483003e-05,0.000147308779741502,8.99591281200805e-06,4.49795640600402e-05,0.954
"524",524,0.2,"NA",30,"mix",0,4.29931282409396e-06,2.14965641204698e-05,4.66527967512617e-05,0.000233263983756309,0.937
"525",525,0.2,"NA",30,"small",0,-0.000149814971337332,-0.00074907485668666,0.00019287367518135,0.000964368375906749,0.948
"526",526,0.2,"NA",30,"medium",0,-9.32584207488677e-05,-0.000466292103744339,4.50368909393546e-05,0.000225184454696773,0.952
"527",527,0.2,"NA",30,"large",0,0.000146506941547967,0.000732534707739835,8.77646500872531e-06,4.38823250436265e-05,0.952
"528",528,0.2,"NA",30,"mix",0,0.000167440922488169,0.000837204612440847,4.12903753434529e-05,0.000206451876717264,0.959
"529",529,0.2,"unif",5,"small",0.1,0.00157188035901835,0.00785940179509175,0.00118734684729426,0.00593673423647131,0.957
"530",530,0.2,"unif",5,"small",0.5,-0.00035911838863771,-0.00179559194318855,0.00128327801047297,0.00641639005236483,0.95
"531",531,0.2,"unif",5,"medium",0.1,0.00024533412512286,0.0012266706256143,0.000261130197009452,0.00130565098504726,0.949
"532",532,0.2,"unif",5,"medium",0.5,-0.000667177103956876,-0.00333588551978438,0.00034062107593869,0.00170310537969345,0.912
"533",533,0.2,"unif",5,"large",0.1,-0.000308461794460299,-0.00154230897230149,6.0748088496979e-05,0.000303740442484895,0.928
"534",534,0.2,"unif",5,"large",0.5,8.30536472632454e-05,0.000415268236316227,0.000145313525722584,0.000726567628612919,0.768
"535",535,0.2,"unif",5,"mix",0.1,0.000488572963488508,0.00244286481744254,0.000198266900461546,0.000991334502307729,0.936
"536",536,0.2,"unif",5,"mix",0.5,0.000530036559348934,0.00265018279674467,0.000374634174367552,0.00187317087183776,0.804
"537",537,0.2,"unif",15,"small",0.1,-0.00053192220766365,-0.00265961103831825,0.000383591443506962,0.00191795721753481,0.965
"538",538,0.2,"unif",15,"small",0.5,-9.30762287975377e-05,-0.000465381143987689,0.000424128593072843,0.00212064296536422,0.939
"539",539,0.2,"unif",15,"medium",0.1,-3.6509442126958e-05,-0.00018254721063479,8.71257520160015e-05,0.000435628760080007,0.953
"540",540,0.2,"unif",15,"medium",0.5,-0.00037047143292548,-0.0018523571646274,0.000119103466566902,0.000595517332834511,0.904
"541",541,0.2,"unif",15,"large",0.1,5.94091936814468e-05,0.000297045968407234,1.98592194337154e-05,9.92960971685768e-05,0.937
"542",542,0.2,"unif",15,"large",0.5,-0.00015776694236265,-0.000788834711813249,5.17718244674949e-05,0.000258859122337474,0.754
"543",543,0.2,"unif",15,"mix",0.1,0.000120899773312372,0.00060449886656186,0.000110101387496247,0.000550506937481233,0.948
"544",544,0.2,"unif",15,"mix",0.5,-0.000235913794875052,-0.00117956897437526,0.000190066856714231,0.000950334283571156,0.85
"545",545,0.2,"unif",30,"small",0.1,0.000245652597147951,0.00122826298573975,0.000190308104805601,0.000951540524028003,0.954
"546",546,0.2,"unif",30,"small",0.5,-0.00113784453840202,-0.00568922269201012,0.000210006437287899,0.0010500321864395,0.946
"547",547,0.2,"unif",30,"medium",0.1,0.000466596820913983,0.00233298410456991,4.32661107348217e-05,0.000216330553674109,0.949
"548",548,0.2,"unif",30,"medium",0.5,0.000111124341720715,0.000555621708603575,5.26803238528663e-05,0.000263401619264332,0.916
"549",549,0.2,"unif",30,"large",0.1,3.72308504770834e-05,0.000186154252385417,9.6291886001035e-06,4.81459430005175e-05,0.937
"550",550,0.2,"unif",30,"large",0.5,5.96051816625192e-05,0.000298025908312596,2.47089620162891e-05,0.000123544810081445,0.755
"551",551,0.2,"unif",30,"mix",0.1,2.1094151223869e-05,0.000105470756119345,4.57987222017249e-05,0.000228993611008624,0.943
"552",552,0.2,"unif",30,"mix",0.5,-0.00056678277978554,-0.0028339138989277,8.43903437787885e-05,0.000421951718893942,0.844
"553",553,0.2,"beta",5,"small",0.1,0.000221391280851277,0.00110695640425638,0.00125416488951594,0.00627082444757969,0.945
"554",554,0.2,"beta",5,"small",0.5,0.000544944600429183,0.00272472300214591,0.00131721260237265,0.00658606301186326,0.946
"555",555,0.2,"beta",5,"medium",0.1,0.000254712235355192,0.00127356117677596,0.00025932852487894,0.0012966426243947,0.95
"556",556,0.2,"beta",5,"medium",0.5,0.000144628537266576,0.000723142686332881,0.000364512363793875,0.00182256181896937,0.902
"557",557,0.2,"beta",5,"large",0.1,-6.00819797096347e-05,-0.000300409898548173,5.92864624534052e-05,0.000296432312267026,0.941
"558",558,0.2,"beta",5,"large",0.5,0.000145281011070727,0.000726405055353636,0.000142736875754807,0.000713684378774035,0.789
"559",559,0.2,"beta",5,"mix",0.1,0.000116529146433455,0.000582645732167274,0.000191266522657306,0.00095633261328653,0.944
"560",560,0.2,"beta",5,"mix",0.5,-1.68578391349578e-05,-8.4289195674789e-05,0.000408397692314335,0.00204198846157167,0.81
"561",561,0.2,"beta",15,"small",0.1,0.00140923380567765,0.00704616902838825,0.000399039342683198,0.00199519671341599,0.949
"562",562,0.2,"beta",15,"small",0.5,-0.000404833545625462,-0.00202416772812731,0.000429618282821592,0.00214809141410796,0.942
"563",563,0.2,"beta",15,"medium",0.1,-0.000646366571506311,-0.00323183285753155,9.72688287343548e-05,0.000486344143671774,0.94
"564",564,0.2,"beta",15,"medium",0.5,-0.000675201600199975,-0.00337600800099987,0.000122859349273354,0.00061429674636677,0.911
"565",565,0.2,"beta",15,"large",0.1,2.74316786439579e-05,0.00013715839321979,1.92916107508962e-05,9.64580537544808e-05,0.941
"566",566,0.2,"beta",15,"large",0.5,0.000346473573425827,0.00173236786712913,4.60829110352951e-05,0.000230414555176475,0.767
"567",567,0.2,"beta",15,"mix",0.1,-0.000460386391264199,-0.00230193195632099,0.000103159686721458,0.000515798433607291,0.959
"568",568,0.2,"beta",15,"mix",0.5,-0.000427727499873721,-0.0021386374993686,0.000181985021179862,0.000909925105899308,0.849
"569",569,0.2,"beta",30,"small",0.1,-0.000621396514542294,-0.00310698257271147,0.000196994956673924,0.000984974783369618,0.956
"570",570,0.2,"beta",30,"small",0.5,-8.91380117658951e-05,-0.000445690058829475,0.000196490836929868,0.00098245418464934,0.946
"571",571,0.2,"beta",30,"medium",0.1,-0.000106364826379684,-0.000531824131898422,4.26071182971532e-05,0.000213035591485766,0.954
"572",572,0.2,"beta",30,"medium",0.5,0.000106670896754576,0.000533354483772878,5.25609610545323e-05,0.000262804805272662,0.929
"573",573,0.2,"beta",30,"large",0.1,-0.000107939849067896,-0.000539699245339481,8.83273831113899e-06,4.4163691555695e-05,0.947
"574",574,0.2,"beta",30,"large",0.5,-9.72995505177271e-06,-4.86497752588635e-05,2.43966900749049e-05,0.000121983450374524,0.758
"575",575,0.2,"beta",30,"mix",0.1,-8.33384316280807e-05,-0.000416692158140404,4.55191040672005e-05,0.000227595520336003,0.936
"576",576,0.2,"beta",30,"mix",0.5,-0.00028346111205782,-0.0014173055602891,8.46032782770958e-05,0.000423016391385479,0.842
"577",577,0.3,"NA",5,"small",0,-0.00135817212163388,-0.00452724040544628,0.00169855261627957,0.00566184205426524,0.947
"578",578,0.3,"NA",5,"medium",0,-8.64867749567226e-05,-0.000288289249855742,0.000328293009527826,0.00109431003175942,0.962
"579",579,0.3,"NA",5,"large",0,-4.46149786071232e-05,-0.000148716595357077,7.74206165140452e-05,0.000258068721713484,0.945
"580",580,0.3,"NA",5,"mix",0,-0.000526052681311438,-0.0017535089377048,0.000249311098536046,0.000831036995120152,0.946
"581",581,0.3,"NA",5,"small",0,0.00075406239623407,0.00251354132078023,0.00151719724565382,0.0050573241521794,0.953
"582",582,0.3,"NA",5,"medium",0,0.000674470507849628,0.00224823502616543,0.000353795464767881,0.00117931821589294,0.943
"583",583,0.3,"NA",5,"large",0,0.000701523403200002,0.00233841134400001,7.50182492521269e-05,0.000250060830840423,0.945
"584",584,0.3,"NA",5,"mix",0,-4.30079979612923e-05,-0.000143359993204308,0.000254404878205203,0.000848016260684009,0.944
"585",585,0.3,"NA",15,"small",0,-0.000892359225080078,-0.00297453075026693,0.000529618966000332,0.00176539655333444,0.953
"586",586,0.3,"NA",15,"medium",0,-3.85185556044799e-05,-0.000128395185348266,0.000122194639689705,0.000407315465632348,0.942
"587",587,0.3,"NA",15,"large",0,-8.04900660238194e-05,-0.000268300220079398,2.23151850847392e-05,7.43839502824642e-05,0.962
"588",588,0.3,"NA",15,"mix",0,0.000570974809752884,0.00190324936584295,0.000135525453206524,0.000451751510688413,0.947
"589",589,0.3,"NA",15,"small",0,0.000508071712043807,0.00169357237347936,0.000501965313960766,0.00167321771320255,0.953
"590",590,0.3,"NA",15,"medium",0,-0.000299764483167737,-0.000999214943892458,0.000121052818917491,0.000403509396391638,0.946
"591",591,0.3,"NA",15,"large",0,0.000116859223772879,0.000389530745909596,2.4312772026535e-05,8.10425734217833e-05,0.95
"592",592,0.3,"NA",15,"mix",0,0.000610970410376847,0.00203656803458949,0.000143329942601647,0.000477766475338824,0.942
"593",593,0.3,"NA",30,"small",0,0.000315343127407703,0.00105114375802568,0.000251673927902251,0.000838913093007503,0.955
"594",594,0.3,"NA",30,"medium",0,0.000190019343067082,0.000633397810223608,5.43961585810716e-05,0.000181320528603572,0.948
"595",595,0.3,"NA",30,"large",0,-1.19516568629758e-05,-3.98388562099194e-05,1.2169454205663e-05,4.05648473522099e-05,0.95
"596",596,0.3,"NA",30,"mix",0,0.000147079693436097,0.00049026564478699,6.13941258667896e-05,0.000204647086222632,0.95
"597",597,0.3,"NA",30,"small",0,2.1502857548504e-05,7.16761918283466e-05,0.000269759112622191,0.000899197042073971,0.943
"598",598,0.3,"NA",30,"medium",0,0.000384477988955902,0.00128159329651967,5.00288012915262e-05,0.000166762670971754,0.958
"599",599,0.3,"NA",30,"large",0,-8.81029915436315e-07,-2.93676638478774e-06,1.11444820149436e-05,3.71482733831452e-05,0.954
"600",600,0.3,"NA",30,"mix",0,9.81332210535186e-05,0.000327110736845062,5.8861873351333e-05,0.000196206244504443,0.945
"601",601,0.3,"unif",5,"small",0.1,0.00289574907407254,0.00965249691357513,0.00166720281492243,0.00555734271640812,0.949
"602",602,0.3,"unif",5,"small",0.5,0.000708129334387631,0.00236043111462544,0.00215327044158388,0.00717756813861295,0.916
"603",603,0.3,"unif",5,"medium",0.1,0.00140505350842709,0.00468351169475697,0.000344761922027435,0.00114920640675812,0.937
"604",604,0.3,"unif",5,"medium",0.5,-0.000143859265637794,-0.000479530885459315,0.000806764046601138,0.00268921348867046,0.793
"605",605,0.3,"unif",5,"large",0.1,4.42501982088911e-06,1.47500660696304e-05,8.86045984522396e-05,0.000295348661507465,0.925
"606",606,0.3,"unif",5,"large",0.5,-0.000994949523576638,-0.00331649841192213,0.000523133598590272,0.00174377866196757,0.513
"607",607,0.3,"unif",5,"mix",0.1,6.7113657291389e-05,0.000223712190971297,0.000306894523820029,0.00102298174606676,0.928
"608",608,0.3,"unif",5,"mix",0.5,0.00236130169482083,0.00787100564940277,0.00123929437551382,0.00413098125171272,0.556
"609",609,0.3,"unif",15,"small",0.1,0.000731386453488096,0.00243795484496032,0.000471661581998738,0.00157220527332913,0.961
"610",610,0.3,"unif",15,"small",0.5,0.000916992974375296,0.00305664324791765,0.000698327125188742,0.00232775708396247,0.911
"611",611,0.3,"unif",15,"medium",0.1,0.00011988072412074,0.000399602413735799,0.00011811804519753,0.000393726817325099,0.95
"612",612,0.3,"unif",15,"medium",0.5,-0.000121849037738504,-0.000406163459128346,0.000292135320231941,0.000973784400773138,0.771
"613",613,0.3,"unif",15,"large",0.1,0.000149103245389733,0.000497010817965776,3.22074670088128e-05,0.000107358223362709,0.899
"614",614,0.3,"unif",15,"large",0.5,0.000517636794357645,0.00172545598119215,0.000177085313160371,0.000590284377201238,0.528
"615",615,0.3,"unif",15,"mix",0.1,0.000421666587302005,0.00140555529100668,0.000156547941418694,0.000521826471395646,0.927
"616",616,0.3,"unif",15,"mix",0.5,-0.000228630190115679,-0.000762100633718931,0.000506669389166477,0.00168889796388826,0.671
"617",617,0.3,"unif",30,"small",0.1,-0.000399835536443526,-0.00133278512147842,0.000261698527467362,0.000872328424891208,0.942
"618",618,0.3,"unif",30,"small",0.5,-5.01628634763559e-05,-0.000167209544921186,0.000307616795743944,0.00102538931914648,0.921
"619",619,0.3,"unif",30,"medium",0.1,0.000351791372900297,0.00117263790966766,6.14016450896539e-05,0.000204672150298846,0.939
"620",620,0.3,"unif",30,"medium",0.5,-0.00062700387501117,-0.0020900129167039,0.000127723812855152,0.000425746042850506,0.812
"621",621,0.3,"unif",30,"large",0.1,0.000131250660907165,0.000437502203023884,1.40558482115532e-05,4.6852827371844e-05,0.929
"622",622,0.3,"unif",30,"large",0.5,6.71727989236525e-05,0.000223909329745509,8.89494351780459e-05,0.000296498117260153,0.539
"623",623,0.3,"unif",30,"mix",0.1,-1.82109222620199e-05,-6.07030742067329e-05,6.56658775966796e-05,0.000218886258655599,0.934
"624",624,0.3,"unif",30,"mix",0.5,-0.000258357006889254,-0.000861190022964179,0.000247933363248026,0.000826444544160086,0.634
"625",625,0.3,"beta",5,"small",0.1,2.19531794910722e-05,7.31772649702408e-05,0.00162170216064872,0.00540567386882906,0.953
"626",626,0.3,"beta",5,"small",0.5,-0.00262051298672041,-0.00873504328906802,0.00220732867317545,0.00735776224391816,0.914
"627",627,0.3,"beta",5,"medium",0.1,-0.000751403220128319,-0.00250467740042773,0.000348560691687026,0.00116186897229009,0.949
"628",628,0.3,"beta",5,"medium",0.5,0.00144284049652394,0.00480946832174648,0.000807302725550902,0.00269100908516967,0.786
"629",629,0.3,"beta",5,"large",0.1,3.16635120006002e-05,0.000105545040002001,9.24064980045892e-05,0.000308021660015297,0.909
"630",630,0.3,"beta",5,"large",0.5,-0.00085029257568358,-0.00283430858561193,0.0005193272918683,0.00173109097289433,0.543
"631",631,0.3,"beta",5,"mix",0.1,0.000499835824340223,0.00166611941446741,0.000305544076217456,0.00101848025405819,0.932
"632",632,0.3,"beta",5,"mix",0.5,0.00100183198716744,0.00333943995722481,0.00128603370496328,0.00428677901654426,0.61
"633",633,0.3,"beta",15,"small",0.1,-8.387487758462e-05,-0.000279582925282067,0.000528036288676892,0.00176012096225631,0.952
"634",634,0.3,"beta",15,"small",0.5,0.000709358324459337,0.00236452774819779,0.000652703671046969,0.0021756789034899,0.916
"635",635,0.3,"beta",15,"medium",0.1,-0.000128855730238482,-0.00042951910079494,0.000120434547738751,0.000401448492462505,0.935
"636",636,0.3,"beta",15,"medium",0.5,-0.0007380278174786,-0.00246009272492867,0.000266063473142706,0.00088687824380902,0.794
"637",637,0.3,"beta",15,"large",0.1,5.29772677208867e-06,1.76590892402955e-05,2.92422732756465e-05,9.74742442521551e-05,0.923
"638",638,0.3,"beta",15,"large",0.5,-0.00041907875902613,-0.00139692919675377,0.000172179622851343,0.000573932076171144,0.522
"639",639,0.3,"beta",15,"mix",0.1,-0.000825990880993058,-0.00275330293664353,0.00014878062840329,0.000495935428010966,0.938
"640",640,0.3,"beta",15,"mix",0.5,-0.000848764169388794,-0.00282921389796265,0.000565004643479862,0.00188334881159954,0.658
"641",641,0.3,"beta",30,"small",0.1,3.4990785996263e-05,0.000116635953320877,0.000239605232941935,0.000798684109806449,0.948
"642",642,0.3,"beta",30,"small",0.5,-0.00055715541293845,-0.00185718470979483,0.000348523540431749,0.0011617451347725,0.894
"643",643,0.3,"beta",30,"medium",0.1,0.000194772130072425,0.000649240433574749,5.75254058922265e-05,0.000191751352974088,0.942
"644",644,0.3,"beta",30,"medium",0.5,-0.000111305042485516,-0.000371016808285052,0.000127085558595165,0.000423618528650551,0.793
"645",645,0.3,"beta",30,"large",0.1,-1.86604089324828e-05,-6.22013631082759e-05,1.55967862654441e-05,5.19892875514805e-05,0.918
"646",646,0.3,"beta",30,"large",0.5,4.18393149300086e-05,0.000139464383100029,8.73155539844523e-05,0.000291051846614841,0.526
"647",647,0.3,"beta",30,"mix",0.1,0.000660923865078823,0.00220307955026274,6.72464684638752e-05,0.000224154894879584,0.936
"648",648,0.3,"beta",30,"mix",0.5,-0.000349209598909303,-0.00116403199636434,0.000253943356422999,0.000846477854743331,0.623
"649",649,0.4,"NA",5,"small",0,0.000944155290900247,0.00236038822725062,0.00169132464608568,0.0042283116152142,0.948
"650",650,0.4,"NA",5,"medium",0,-0.000942509666850149,-0.00235627416712537,0.000374700009021112,0.00093675002255278,0.949
"651",651,0.4,"NA",5,"large",0,-0.000713016772033925,-0.00178254193008481,7.98933175283729e-05,0.000199733293820932,0.955
"652",652,0.4,"NA",5,"mix",0,-0.000286595709608164,-0.000716489274020411,0.000308022082048835,0.000770055205122088,0.946
"653",653,0.4,"NA",5,"small",0,0.000407445100836238,0.0010186127520906,0.00193525286634678,0.00483813216586696,0.95
"654",654,0.4,"NA",5,"medium",0,0.000394595598072063,0.000986488995180158,0.000385152521321325,0.000962881303303313,0.954
"655",655,0.4,"NA",5,"large",0,0.000210426284905318,0.000526065712263296,8.52336318738454e-05,0.000213084079684613,0.952
"656",656,0.4,"NA",5,"mix",0,-0.000790578149034948,-0.00197644537258737,0.00024893896044377,0.000622347401109424,0.966
"657",657,0.4,"NA",15,"small",0,0.000360909669505314,0.000902274173763284,0.000606528018058062,0.00151632004514516,0.951
"658",658,0.4,"NA",15,"medium",0,0.000302642346813893,0.000756605867034733,0.000125966447458681,0.000314916118646702,0.954
"659",659,0.4,"NA",15,"large",0,4.43619317693101e-05,0.000110904829423275,2.6504272673455e-05,6.62606816836375e-05,0.948
"660",660,0.4,"NA",15,"mix",0,-0.000283937348306945,-0.000709843370767362,0.000157356487442084,0.000393391218605211,0.951
"661",661,0.4,"NA",15,"small",0,0.000269836097394541,0.000674590243486352,0.000613909812502523,0.00153477453125631,0.946
"662",662,0.4,"NA",15,"medium",0,4.73164535623963e-05,0.000118291133905991,0.000127355666271091,0.000318389165677728,0.946
"663",663,0.4,"NA",15,"large",0,5.64058847229376e-07,1.41014711807344e-06,2.40826307730128e-05,6.02065769325319e-05,0.958
"664",664,0.4,"NA",15,"mix",0,-9.90108476329709e-05,-0.000247527119082427,0.000148127050184756,0.00037031762546189,0.952
"665",665,0.4,"NA",30,"small",0,0.000350423406886201,0.000876058517215503,0.000265434783711559,0.000663586959278898,0.962
"666",666,0.4,"NA",30,"medium",0,-0.000453478639862435,-0.00113369659965609,6.2388029291741e-05,0.000155970073229353,0.952
"667",667,0.4,"NA",30,"large",0,7.95853899564464e-05,0.000198963474891116,1.33895269286984e-05,3.34738173217461e-05,0.94
"668",668,0.4,"NA",30,"mix",0,0.000246377844407552,0.000615944611018879,6.38719630849497e-05,0.000159679907712374,0.957
"669",669,0.4,"NA",30,"small",0,-0.000395484087928493,-0.000988710219821232,0.000304827134127992,0.00076206783531998,0.945
"670",670,0.4,"NA",30,"medium",0,-0.000354945848029119,-0.000887364620072798,6.41117207575708e-05,0.000160279301893927,0.948
"671",671,0.4,"NA",30,"large",0,3.54849167613916e-05,8.8712291903479e-05,1.38750448026204e-05,3.46876120065509e-05,0.946
"672",672,0.4,"NA",30,"mix",0,0.000406909635348118,0.0010172740883703,6.75533079972714e-05,0.000168883269993178,0.955
"673",673,0.4,"unif",5,"small",0.1,-0.000959197404818088,-0.00239799351204522,0.00195060463715587,0.00487651159288968,0.948
"674",674,0.4,"unif",5,"small",0.5,-0.00326078610190737,-0.00815196525476842,0.00340530399406702,0.00851325998516756,0.856
"675",675,0.4,"unif",5,"medium",0.1,0.000287930245556541,0.000719825613891351,0.000452632385484521,0.0011315809637113,0.937
"676",676,0.4,"unif",5,"medium",0.5,-0.000533008176901354,-0.00133252044225338,0.00180894671365966,0.00452236678414914,0.629
"677",677,0.4,"unif",5,"large",0.1,6.54308943927818e-05,0.000163577235981954,0.000141737878083432,0.000354344695208579,0.861
"678",678,0.4,"unif",5,"large",0.5,0.000759371812088762,0.0018984295302219,0.00157111580867689,0.00392778952169222,0.327
"679",679,0.4,"unif",5,"mix",0.1,0.000638556248026256,0.00159639062006564,0.00040475414049147,0.00101188535122867,0.892
"680",680,0.4,"unif",5,"mix",0.5,0.00180510658701802,0.00451276646754506,0.00330179565994864,0.00825448914987161,0.361
"681",681,0.4,"unif",15,"small",0.1,0.000258821915002613,0.000647054787506533,0.000615124884301099,0.00153781221075275,0.946
"682",682,0.4,"unif",15,"small",0.5,-0.000885101212989735,-0.00221275303247434,0.00115593167569482,0.00288982918923704,0.841
"683",683,0.4,"unif",15,"medium",0.1,0.00055856100459378,0.00139640251148445,0.000145561881085059,0.000363904702712646,0.934
"684",684,0.4,"unif",15,"medium",0.5,-0.00150105634117907,-0.00375264085294769,0.000586465957594464,0.00146616489398616,0.638
"685",685,0.4,"unif",15,"large",0.1,0.000456516258418599,0.0011412906460465,4.29121152903301e-05,0.000107280288225825,0.867
"686",686,0.4,"unif",15,"large",0.5,0.000526013284849731,0.00131503321212433,0.0005178933099686,0.0012947332749215,0.338
"687",687,0.4,"unif",15,"mix",0.1,-0.000439678163110159,-0.0010991954077754,0.000206053120954339,0.000515132802385848,0.918
"688",688,0.4,"unif",15,"mix",0.5,-0.000380798250485092,-0.00095199562621273,0.00133156109767262,0.00332890274418154,0.489
"689",689,0.4,"unif",30,"small",0.1,0.00098359592487676,0.0024589898121919,0.000301496196039812,0.00075374049009953,0.938
"690",690,0.4,"unif",30,"small",0.5,-0.00120240491430363,-0.00300601228575908,0.000514719434878964,0.00128679858719741,0.862
"691",691,0.4,"unif",30,"medium",0.1,5.78756206695852e-05,0.000144689051673963,7.44896648130004e-05,0.000186224162032501,0.934
"692",692,0.4,"unif",30,"medium",0.5,-0.000465612052314475,-0.00116403013078619,0.000298215689098158,0.000745539222745394,0.661
"693",693,0.4,"unif",30,"large",0.1,-0.000257413347288573,-0.000643533368221432,2.36964627212499e-05,5.92411568031247e-05,0.858
"694",694,0.4,"unif",30,"large",0.5,-0.000144360775328182,-0.000360901938320456,0.000268440111879568,0.000671100279698919,0.337
"695",695,0.4,"unif",30,"mix",0.1,0.000319529873453984,0.000798824683634961,8.63247823978974e-05,0.000215811955994744,0.91
"696",696,0.4,"unif",30,"mix",0.5,-0.00102241586853146,-0.00255603967132866,0.000666660922064263,0.00166665230516066,0.44
"697",697,0.4,"beta",5,"small",0.1,0.00137316545425132,0.0034329136356283,0.00198681495588127,0.00496703738970316,0.94
"698",698,0.4,"beta",5,"small",0.5,-0.00094021759371595,-0.00235054398428988,0.00365666280030802,0.00914165700077004,0.828
"699",699,0.4,"beta",5,"medium",0.1,0.000583330719758552,0.00145832679939638,0.000493234603215726,0.00123308650803931,0.918
"700",700,0.4,"beta",5,"medium",0.5,3.07940904254516e-05,7.69852260636289e-05,0.00180043874441128,0.00450109686102821,0.623
"701",701,0.4,"beta",5,"large",0.1,0.00016853242022191,0.000421331050554776,0.000149724585208385,0.000374311463020964,0.849
"702",702,0.4,"beta",5,"large",0.5,0.000179169225378204,0.000447923063445509,0.00145333900385357,0.00363334750963392,0.358
"703",703,0.4,"beta",5,"mix",0.1,-0.000648961043288277,-0.00162240260822069,0.000440483985728249,0.00110120996432062,0.874
"704",704,0.4,"beta",5,"mix",0.5,0.000381344582026886,0.000953361455067216,0.00329316799826043,0.00823291999565107,0.414
"705",705,0.4,"beta",15,"small",0.1,-0.00119627544725514,-0.00299068861813784,0.000648320516813186,0.00162080129203296,0.934
"706",706,0.4,"beta",15,"small",0.5,-0.00102801775255001,-0.00257004438137501,0.00105344010088972,0.00263360025222429,0.871
"707",707,0.4,"beta",15,"medium",0.1,8.59072296384581e-05,0.000214768074096145,0.000151866926477942,0.000379667316194854,0.927
"708",708,0.4,"beta",15,"medium",0.5,-0.000136689729107674,-0.000341724322769185,0.000571001278144389,0.00142750319536097,0.638
"709",709,0.4,"beta",15,"large",0.1,0.000199349534380137,0.000498373835950342,4.68027757673918e-05,0.000117006939418479,0.866
"710",710,0.4,"beta",15,"large",0.5,-4.03539249244416e-05,-0.000100884812311104,0.000524919231263545,0.00131229807815886,0.334
"711",711,0.4,"beta",15,"mix",0.1,-0.000237105114980386,-0.000592762787450966,0.000200221361011428,0.00050055340252857,0.919
"712",712,0.4,"beta",15,"mix",0.5,-0.00135586670826592,-0.00338966677066479,0.00154315908195216,0.00385789770488039,0.459
"713",713,0.4,"beta",30,"small",0.1,-0.000830004808660697,-0.00207501202165174,0.000328309208980468,0.00082077302245117,0.938
"714",714,0.4,"beta",30,"small",0.5,-2.8438691378811e-05,-7.10967284470275e-05,0.000553888921240395,0.00138472230310099,0.85
"715",715,0.4,"beta",30,"medium",0.1,-0.000180982232122481,-0.000452455580306202,6.9963829204229e-05,0.000174909573010573,0.936
"716",716,0.4,"beta",30,"medium",0.5,-0.000205736824524302,-0.000514342061310756,0.000300094205344106,0.000750235513360266,0.648
"717",717,0.4,"beta",30,"large",0.1,-2.24079030505721e-05,-5.60197576264303e-05,2.35304899912417e-05,5.88262249781042e-05,0.849
"718",718,0.4,"beta",30,"large",0.5,-0.000453433974719828,-0.00113358493679957,0.000278102568731554,0.000695256421828886,0.317
"719",719,0.4,"beta",30,"mix",0.1,-0.000452044739559511,-0.00113011184889878,8.38913455325294e-05,0.000209728363831324,0.914
"720",720,0.4,"beta",30,"mix",0.5,6.67199990477896e-05,0.000166799997619474,0.000711822328138839,0.0017795558203471,0.459
"721",721,0.5,"NA",5,"small",0,-0.000216801201156176,-0.000433602402312352,0.00185804393787894,0.00371608787575788,0.962
"722",722,0.5,"NA",5,"medium",0,0.00140151051481166,0.00280302102962332,0.000422670913277566,0.000845341826555132,0.947
"723",723,0.5,"NA",5,"large",0,4.55569747181015e-05,9.11139494362031e-05,9.08482292996956e-05,0.000181696458599391,0.957
"724",724,0.5,"NA",5,"mix",0,-6.53531805908516e-05,-0.000130706361181703,0.000279291709225187,0.000558583418450374,0.953
"725",725,0.5,"NA",5,"small",0,-0.00184868112979083,-0.00369736225958166,0.00186093251651511,0.00372186503303023,0.953
"726",726,0.5,"NA",5,"medium",0,-0.000803610217997697,-0.00160722043599539,0.000423640712253066,0.000847281424506131,0.949
"727",727,0.5,"NA",5,"large",0,0.000315280425564178,0.000630560851128355,7.91770576339308e-05,0.000158354115267862,0.958
"728",728,0.5,"NA",5,"mix",0,-0.000487485965800634,-0.000974971931601267,0.000293905420138926,0.000587810840277851,0.951
"729",729,0.5,"NA",15,"small",0,-0.000441138976917016,-0.000882277953834032,0.000617961923090759,0.00123592384618152,0.946
"730",730,0.5,"NA",15,"medium",0,6.38540263004084e-07,1.27708052600817e-06,0.000138646286270711,0.000277292572541422,0.939
"731",731,0.5,"NA",15,"large",0,5.35134095153909e-05,0.000107026819030782,2.91106715851814e-05,5.82213431703629e-05,0.935
"732",732,0.5,"NA",15,"mix",0,-2.72034955958737e-05,-5.44069911917473e-05,0.000153793831634447,0.000307587663268895,0.961
"733",733,0.5,"NA",15,"small",0,0.00140540876541883,0.00281081753083766,0.00060113488701371,0.00120226977402742,0.944
"734",734,0.5,"NA",15,"medium",0,9.86792465864886e-05,0.000197358493172977,0.000139202736762958,0.000278405473525915,0.941
"735",735,0.5,"NA",15,"large",0,5.31696698917625e-05,0.000106339339783525,3.00535477873072e-05,6.01070955746143e-05,0.935
"736",736,0.5,"NA",15,"mix",0,0.000477428077353494,0.000954856154706988,0.000177476403748937,0.000354952807497873,0.942
"737",737,0.5,"NA",30,"small",0,0.000808132411020574,0.00161626482204115,0.000317446972554132,0.000634893945108263,0.944
"738",738,0.5,"NA",30,"medium",0,-0.000268937993911557,-0.000537875987823114,6.74171960676794e-05,0.000134834392135359,0.95
"739",739,0.5,"NA",30,"large",0,-0.000127963978142091,-0.000255927956284182,1.28745619885228e-05,2.57491239770457e-05,0.963
"740",740,0.5,"NA",30,"mix",0,4.59311807579331e-05,9.18623615158662e-05,7.48992395591854e-05,0.000149798479118371,0.943
"741",741,0.5,"NA",30,"small",0,-0.00125702129812014,-0.00251404259624027,0.000302382418881788,0.000604764837763575,0.944
"742",742,0.5,"NA",30,"medium",0,0.000464954154161548,0.000929908308323097,6.49902697040191e-05,0.000129980539408038,0.947
"743",743,0.5,"NA",30,"large",0,0.000310043813313552,0.000620087626627104,1.44000406033771e-05,2.88000812067541e-05,0.945
"744",744,0.5,"NA",30,"mix",0,0.000360476950063719,0.000720953900127438,6.52588256921438e-05,0.000130517651384288,0.949
"745",745,0.5,"unif",5,"small",0.1,0.00248794371007354,0.00497588742014708,0.00197033877998444,0.00394067755996889,0.952
"746",746,0.5,"unif",5,"small",0.5,0.00127970434828105,0.00255940869656209,0.00547187584461824,0.0109437516892365,0.741
"747",747,0.5,"unif",5,"medium",0.1,0.000718402557803728,0.00143680511560746,0.000554086156276447,0.00110817231255289,0.904
"748",748,0.5,"unif",5,"medium",0.5,0.00462409206593203,0.00924818413186406,0.00392175246842006,0.00784350493684012,0.458
"749",749,0.5,"unif",5,"large",0.1,0.000603395726559104,0.00120679145311821,0.000224953052991993,0.000449906105983986,0.767
"750",750,0.5,"unif",5,"large",0.5,0.00344096938257413,0.00688193876514825,0.00361344377593264,0.00722688755186527,0.22
"751",751,0.5,"unif",5,"mix",0.1,0.000180308113984568,0.000360616227969136,0.000574618575465589,0.00114923715093118,0.835
"752",752,0.5,"unif",5,"mix",0.5,-0.00047301777008444,-0.00094603554016888,0.00743278718715568,0.0148655743743114,0.291
"753",753,0.5,"unif",15,"small",0.1,0.000169389462806967,0.000338778925613934,0.000653805739403803,0.00130761147880761,0.939
"754",754,0.5,"unif",15,"small",0.5,-0.000773599702002157,-0.00154719940400431,0.00177434904948866,0.00354869809897732,0.755
"755",755,0.5,"unif",15,"medium",0.1,-6.28222442764692e-06,-1.25644488552938e-05,0.000185530485226608,0.000371060970453216,0.905
"756",756,0.5,"unif",15,"medium",0.5,5.12364111068879e-06,1.02472822213776e-05,0.00128295196371415,0.00256590392742831,0.481
"757",757,0.5,"unif",15,"large",0.1,-4.87268384737529e-05,-9.74536769475058e-05,7.68991177541247e-05,0.000153798235508249,0.752
"758",758,0.5,"unif",15,"large",0.5,-0.000684886516218394,-0.00136977303243679,0.00121315189570891,0.00242630379141781,0.217
"759",759,0.5,"unif",15,"mix",0.1,-0.000254982187351686,-0.000509964374703371,0.000271272774583576,0.000542545549167153,0.86
"760",760,0.5,"unif",15,"mix",0.5,-0.00238513169019777,-0.00477026338039554,0.00325931002151785,0.00651862004303569,0.319
"761",761,0.5,"unif",30,"small",0.1,0.000370382517883123,0.000740765035766246,0.000329159119578772,0.000658318239157545,0.94
"762",762,0.5,"unif",30,"small",0.5,0.00113923030331158,0.00227846060662316,0.000986999991573455,0.00197399998314691,0.718
"763",763,0.5,"unif",30,"medium",0.1,0.000190200080110592,0.000380400160221185,9.34520427359781e-05,0.000186904085471956,0.911
"764",764,0.5,"unif",30,"medium",0.5,0.000786522279514737,0.00157304455902947,0.000671465871217664,0.00134293174243533,0.457
"765",765,0.5,"unif",30,"large",0.1,-0.000265164660354326,-0.000530329320708653,3.60187419084598e-05,7.20374838169196e-05,0.766
"766",766,0.5,"unif",30,"large",0.5,-0.000778424656295674,-0.00155684931259135,0.000594268173416931,0.00118853634683386,0.233
"767",767,0.5,"unif",30,"mix",0.1,0.000464990024268804,0.000929980048537608,0.000127753153546952,0.000255506307093905,0.842
"768",768,0.5,"unif",30,"mix",0.5,0.000319174581903869,0.000638349163807739,0.00168779211728756,0.00337558423457512,0.28
"769",769,0.5,"beta",5,"small",0.1,-0.000513617518280377,-0.00102723503656075,0.00205584500678664,0.00411169001357327,0.945
"770",770,0.5,"beta",5,"small",0.5,-0.00267378727838983,-0.00534757455677966,0.0056453370448931,0.0112906740897862,0.737
"771",771,0.5,"beta",5,"medium",0.1,0.00205909947597162,0.00411819895194324,0.000556954354489618,0.00111390870897924,0.906
"772",772,0.5,"beta",5,"medium",0.5,-0.000205418702742955,-0.00041083740548591,0.00391526531696077,0.00783053063392153,0.485
"773",773,0.5,"beta",5,"large",0.1,0.000485808841517888,0.000971617683035775,0.000238336833726678,0.000476673667453355,0.767
"774",774,0.5,"beta",5,"large",0.5,0.00118729579065887,0.00237459158131773,0.00362382415036954,0.00724764830073908,0.238
"775",775,0.5,"beta",5,"mix",0.1,0.000739600355805136,0.00147920071161027,0.000579763370073142,0.00115952674014628,0.813
"776",776,0.5,"beta",5,"mix",0.5,0.000932828958453992,0.00186565791690798,0.00776716818947238,0.0155343363789448,0.27
"777",777,0.5,"beta",15,"small",0.1,0.00161935833993918,0.00323871667987837,0.000669238848848719,0.00133847769769744,0.935
"778",778,0.5,"beta",15,"small",0.5,7.63598488458686e-05,0.000152719697691737,0.00186752567808318,0.00373505135616636,0.739
"779",779,0.5,"beta",15,"medium",0.1,2.31951239304832e-05,4.63902478609665e-05,0.000184232712213351,0.000368465424426702,0.91
"780",780,0.5,"beta",15,"medium",0.5,0.000271691405696457,0.000543382811392914,0.00139748739144894,0.00279497478289788,0.443
"781",781,0.5,"beta",15,"large",0.1,-9.87796419488692e-05,-0.000197559283897738,7.72582571590807e-05,0.000154516514318161,0.75
"782",782,0.5,"beta",15,"large",0.5,-0.00206108671625473,-0.00412217343250946,0.00122526874630628,0.00245053749261257,0.238
"783",783,0.5,"beta",15,"mix",0.1,-0.000599204472093586,-0.00119840894418717,0.000299791638832402,0.000599583277664804,0.853
"784",784,0.5,"beta",15,"mix",0.5,-0.00131648150174071,-0.00263296300348142,0.00330715984588244,0.00661431969176489,0.333
"785",785,0.5,"beta",30,"small",0.1,-4.92033058251049e-05,-9.84066116502098e-05,0.000349851526857084,0.000699703053714167,0.943
"786",786,0.5,"beta",30,"small",0.5,-0.000281883624718775,-0.000563767249437551,0.000954836662216217,0.00190967332443243,0.734
"787",787,0.5,"beta",30,"medium",0.1,-0.000298475758784528,-0.000596951517569055,8.82315840315842e-05,0.000176463168063168,0.903
"788",788,0.5,"beta",30,"medium",0.5,0.000387063518105505,0.00077412703621101,0.00064445832822619,0.00128891665645238,0.45
"789",789,0.5,"beta",30,"large",0.1,-6.37021499066836e-05,-0.000127404299813367,3.84322129576226e-05,7.68644259152452e-05,0.768
"790",790,0.5,"beta",30,"large",0.5,-0.00103275165795101,-0.00206550331590201,0.000607442683630905,0.00121488536726181,0.223
"791",791,0.5,"beta",30,"mix",0.1,7.88879359821498e-06,1.577758719643e-05,0.000132852646458001,0.000265705292916002,0.836
"792",792,0.5,"beta",30,"mix",0.5,-0.000176742656761654,-0.000353485313523308,0.00159645773041227,0.00319291546082454,0.338
