"","scenario","run","dist.of.pi","num.of.studies","true.pi","heterogeneity","sample.pi","est","ci.lb","ci.ub"
"1",446,1,NA,15,0.1,0,0.1,0.108968177434908,0.0962641369216981,0.123120372344906
"2",446,2,NA,15,0.1,0,0.1,0.0949895615866392,0.0826483635198647,0.108954696765474
"3",446,3,NA,15,0.1,0,0.1,0.0856980703745745,0.0734993800594463,0.0997035020062381
"4",446,4,NA,15,0.1,0,0.1,0.11090458488228,0.096485689435683,0.127174954459767
"5",446,5,NA,15,0.1,0,0.1,0.0944751381215475,0.081834029158557,0.108837481617119
"6",446,6,NA,15,0.1,0,0.1,0.0952921157118548,0.0824402544427914,0.109907506701631
"7",446,7,NA,15,0.1,0,0.1,0.118343195266272,0.104429932288848,0.13383311967176
"8",446,8,NA,15,0.1,0,0.1,0.105058365758755,0.091708964134356,0.12009401586221
"9",446,9,NA,15,0.1,0,0.1,0.099399235390497,0.0865103939461236,0.113968759243659
"10",446,10,NA,15,0.1,0,0.1,0.108080808080817,0.0951458854620281,0.122536076700352
"11",446,11,NA,15,0.1,0,0.1,0.108291032148904,0.0946523326121937,0.12362661127441
"12",446,12,NA,15,0.1,0,0.1,0.105633802816901,0.0928643974218811,0.119926944304432
"13",446,13,NA,15,0.1,0,0.1,0.0959475566150178,0.0827510222796307,0.110993920156568
"14",446,14,NA,15,0.1,0,0.1,0.10055583628095,0.0880594421254128,0.114602721767771
"15",446,15,NA,15,0.1,0,0.1,0.0948766603415616,0.0813830497616861,0.110338831353499
"16",446,16,NA,15,0.1,0,0.1,0.0914872798434454,0.0797330849355586,0.104776982468102
"17",446,17,NA,15,0.1,0,0.1,0.0917176209005008,0.0792236435515458,0.105955229877858
"18",446,18,NA,15,0.1,0,0.1,0.0997455470737914,0.0872563740512557,0.113799444414372
"19",446,19,NA,15,0.1,0,0.1,0.10021436227224,0.0873888085080329,0.114685700591123
"20",446,20,NA,15,0.1,0,0.1,0.0967567567567567,0.0840974990308008,0.111090489249323
"21",446,21,NA,15,0.1,0,0.1,0.095290858725762,0.082579924764615,0.109724295802608
"22",446,22,NA,15,0.1,0,0.1,0.0845747236905336,0.0733614472213549,0.0973219359200294
"23",446,23,NA,15,0.1,0,0.1,0.115457413249211,0.100632231670407,0.13214573994763
"24",446,24,NA,15,0.1,0,0.1,0.0993852459016395,0.0868789846977281,0.113468077808874
"25",446,25,NA,15,0.1,0,0.1,0.0986066452304395,0.0858815105429062,0.11298422834032
"26",446,26,NA,15,0.1,0,0.1,0.0922827846735047,0.0799231288207339,0.106332896838219
"27",446,27,NA,15,0.1,0,0.1,0.0966044954567193,0.0846622105639096,0.110028842385478
"28",446,28,NA,15,0.1,0,0.1,0.102903718797759,0.0902187785504538,0.117142541638484
"29",446,29,NA,15,0.1,0,0.1,0.106268364348678,0.0936231935043809,0.120394585771786
"30",446,30,NA,15,0.1,0,0.1,0.0989074180563546,0.0857351044165984,0.113851503338785
"31",446,31,NA,15,0.1,0,0.1,0.0942562592047129,0.0823101395628087,0.107732643433865
"32",446,32,NA,15,0.1,0,0.1,0.0977284733227681,0.0851437962922636,0.111945621384394
"33",446,33,NA,15,0.1,0,0.1,0.104187946884576,0.0914116106882354,0.118517064830313
"34",446,34,NA,15,0.1,0,0.1,0.0944297082228118,0.0820296606327154,0.10848269685587
"35",446,35,NA,15,0.1,0,0.1,0.106818181818182,0.0932220476422514,0.122130192519488
"36",446,36,NA,15,0.1,0,0.1,0.0988505747126743,0.0856855046241277,0.113786649976292
"37",446,37,NA,15,0.1,0,0.1,0.113513513513513,0.100443375018536,0.128042313648697
"38",446,38,NA,15,0.1,0,0.1,0.102786660575605,0.0907440236800371,0.116223192689776
"39",446,39,NA,15,0.1,0,0.1,0.0914076782449743,0.0783879362941706,0.106340397074008
"40",446,40,NA,15,0.1,0,0.1,0.11603498542274,0.101715989276217,0.132073355883912
"41",446,41,NA,15,0.1,0,0.1,0.108444444444444,0.0962489679901164,0.121976621388332
"42",446,42,NA,15,0.1,0,0.1,0.0999444752915051,0.0869207235089035,0.114674558921892
"43",446,43,NA,15,0.1,0,0.1,0.099732262382865,0.0855337308965703,0.115988789378696
"44",446,44,NA,15,0.1,0,0.1,0.0990783410138249,0.0858842609236891,0.114046492280439
"45",446,45,NA,15,0.1,0,0.1,0.0986238532110125,0.0854876587315138,0.113527998478734
"46",446,46,NA,15,0.1,0,0.1,0.0985419808949222,0.0861968401044556,0.112437646575884
"47",446,47,NA,15,0.1,0,0.1,0.101566720691518,0.0886084676528622,0.11617844333904
"48",446,48,NA,15,0.1,0,0.1,0.0942601369141681,0.0819138964113933,0.108247824052777
"49",446,49,NA,15,0.1,0,0.1,0.0981404958677686,0.0856623703245218,0.112213192069388
"50",446,50,NA,15,0.1,0,0.1,0.0953226761397326,0.0822085080178759,0.110277492334358
"51",446,51,NA,15,0.1,0,0.1,0.101169293340112,0.0886001364427078,0.115295988351449
"52",446,52,NA,15,0.1,0,0.1,0.0883489784649365,0.076121774902073,0.102322677966682
"53",446,53,NA,15,0.1,0,0.1,0.0966650555824072,0.0846595143039819,0.110168190095827
"54",446,54,NA,15,0.1,0,0.1,0.107673267326733,0.0934665097833044,0.123744663498585
"55",446,55,NA,15,0.1,0,0.1,0.100263852242744,0.0875278542491216,0.11462025065625
"56",446,56,NA,15,0.1,0,0.1,0.11166253101737,0.0986332421371975,0.126172043697657
"57",446,57,NA,15,0.1,0,0.1,0.101775147928996,0.088238118066281,0.117122181081755
"58",446,58,NA,15,0.1,0,0.1,0.098300970873787,0.0848337042689701,0.113640677327336
"59",446,59,NA,15,0.1,0,0.1,0.106397306397306,0.0917019361342655,0.123128394988804
"60",446,60,NA,15,0.1,0,0.1,0.103545301069223,0.0902122812223071,0.118592022634707
"61",446,61,NA,15,0.1,0,0.1,0.0959849435382695,0.0824656478308946,0.111451358205581
"62",446,62,NA,15,0.1,0,0.1,0.106542056074766,0.0923622897541071,0.122604685962053
"63",446,63,NA,15,0.1,0,0.1,0.109037900874636,0.0951383110397717,0.124688374904675
"64",446,64,NA,15,0.1,0,0.1,0.0962274466921815,0.0835343165821674,0.110616515281133
"65",446,65,NA,15,0.1,0,0.1,0.104409528636594,0.091666041804308,0.118693126802585
"66",446,66,NA,15,0.1,0,0.1,0.098548972188634,0.0850879798781092,0.113874452061613
"67",446,67,NA,15,0.1,0,0.1,0.100222717149221,0.0871643247235763,0.114990992642486
"68",446,68,NA,15,0.1,0,0.1,0.092485549132948,0.080754612525757,0.105724603421442
"69",446,69,NA,15,0.1,0,0.1,0.0964252116650989,0.0845865920792461,0.109722148410512
"70",446,70,NA,15,0.1,0,0.1,0.100102669404518,0.0875405995823902,0.1142416992855
"71",446,71,NA,15,0.1,0,0.1,0.100584795321637,0.087199031297764,0.115764783154756
"72",446,72,NA,15,0.1,0,0.1,0.102777777777781,0.0895726999899992,0.117677961634059
"73",446,73,NA,15,0.1,0,0.1,0.0963527490473602,0.0836774990099263,0.110716024483328
"74",446,74,NA,15,0.1,0,0.1,0.103194103194103,0.0907057666952966,0.117180252459153
"75",446,75,NA,15,0.1,0,0.1,0.0908574673481073,0.0782967749131256,0.105203201556201
"76",446,76,NA,15,0.1,0,0.1,0.0909966297544536,0.0793611824287312,0.104145016881759
"77",446,77,NA,15,0.1,0,0.1,0.0855855855855872,0.0740893116047955,0.0986756033337856
"78",446,78,NA,15,0.1,0,0.1,0.101361573373676,0.0888287671559025,0.11543860317874
"79",446,79,NA,15,0.1,0,0.1,0.10400390625,0.0915061127941322,0.117986952076226
"80",446,80,NA,15,0.1,0,0.1,0.106046511627907,0.0937179360042192,0.119782554063261
"81",446,81,NA,15,0.1,0,0.1,0.097996751488901,0.0852489221190716,0.11241658028058
"82",446,82,NA,15,0.1,0,0.1,0.0905587668593542,0.0772784004886766,0.105859545620231
"83",446,83,NA,15,0.1,0,0.1,0.0935732647814911,0.0814084490087253,0.107343442051564
"84",446,84,NA,15,0.1,0,0.1,0.092511013215859,0.0800190114303878,0.106726939633073
"85",446,85,NA,15,0.1,0,0.1,0.114319387153801,0.100030705280903,0.13035347836511
"86",446,86,NA,15,0.1,0,0.1,0.108846918489066,0.0959661546647637,0.123220914863375
"87",446,87,NA,15,0.1,0,0.1,0.102813852813853,0.0897688692355223,0.117509772224839
"88",446,88,NA,15,0.1,0,0.1,0.0916295195641424,0.0797982417220627,0.1050147728909
"89",446,89,NA,15,0.1,0,0.1,0.102590147282885,0.0899420681778758,0.116788605465401
"90",446,90,NA,15,0.1,0,0.1,0.0911111111111112,0.0786611519219098,0.105306344336325
"91",446,91,NA,15,0.1,0,0.1,0.112682481751825,0.100108426937866,0.126613679129581
"92",446,92,NA,15,0.1,0,0.1,0.104,0.0909717187859573,0.11865055871096
"93",446,93,NA,15,0.1,0,0.1,0.0950106157112528,0.0825702038078564,0.109102459209744
"94",446,94,NA,15,0.1,0,0.1,0.0907139023081052,0.0784889162174814,0.104626794935645
"95",446,95,NA,15,0.1,0,0.1,0.103926096997691,0.0904075269492543,0.119201183448608
"96",446,96,NA,15,0.1,0,0.1,0.111838191552647,0.0976353560750324,0.127814442525209
"97",446,97,NA,15,0.1,0,0.1,0.0983129726585225,0.0851080333955159,0.113312971117258
"98",446,98,NA,15,0.1,0,0.1,0.108631826189078,0.0947112696247001,0.124317442836803
"99",446,99,NA,15,0.1,0,0.1,0.100185528756958,0.0882049869607501,0.113590617216185
"100",446,100,NA,15,0.1,0,0.1,0.0977564102564102,0.085103899468913,0.112059587447337
"101",446,101,NA,15,0.1,0,0.1,0.0916617386162133,0.0788052295380331,0.106373495724846
"102",446,102,NA,15,0.1,0,0.1,0.107774798927614,0.0944876751412711,0.122677258090145
"103",446,103,NA,15,0.1,0,0.1,0.104791995787256,0.0917940371257036,0.119388510959439
"104",446,104,NA,15,0.1,0,0.1,0.110285006195787,0.0959048836758687,0.12651956929019
"105",446,105,NA,15,0.1,0,0.1,0.100978876867594,0.0883422850790577,0.115194624990696
"106",446,106,NA,15,0.1,0,0.1,0.099554234769688,0.0872348647090884,0.11339721752123
"107",446,107,NA,15,0.1,0,0.1,0.0926952141058176,0.0807015159915414,0.106265347827075
"108",446,108,NA,15,0.1,0,0.1,0.112114771519661,0.0986322910100515,0.127180192744146
"109",446,109,NA,15,0.1,0,0.1,0.0962660443407235,0.0831785418685056,0.111163087717685
"110",446,110,NA,15,0.1,0,0.1,0.0997888067581837,0.0870789736689162,0.114121835232915
"111",446,111,NA,15,0.1,0,0.1,0.0955993930197269,0.0834003667539097,0.109369866730874
"112",446,112,NA,15,0.1,0,0.1,0.0971128608923885,0.0856329764941344,0.109946676134836
"113",446,113,NA,15,0.1,0,0.1,0.108643167551907,0.0959485292965871,0.122789268887709
"114",446,114,NA,15,0.1,0,0.1,0.0948660714285715,0.0821399462349053,0.109329030124109
"115",446,115,NA,15,0.1,0,0.1,0.0982352941176471,0.0849666133426113,0.113319447404196
"116",446,116,NA,15,0.1,0,0.1,0.114374034003091,0.100960186611441,0.129313738455716
"117",446,117,NA,15,0.1,0,0.1,0.0970930232558142,0.0839720372058854,0.112013515638482
"118",446,118,NA,15,0.1,0,0.1,0.0980847359257214,0.0849091292606135,0.113052259669753
"119",446,119,NA,15,0.1,0,0.1,0.0932568149210904,0.0815179500368542,0.106490125007317
"120",446,120,NA,15,0.1,0,0.1,0.103015075376885,0.0904049431252705,0.117157578969146
"121",446,121,NA,15,0.1,0,0.1,0.106021616057643,0.0930908437527115,0.120509864098301
"122",446,122,NA,15,0.1,0,0.1,0.106162610046608,0.0931857347757834,0.120706073352525
"123",446,123,NA,15,0.1,0,0.1,0.116514690982776,0.10309014732741,0.131431225548263
"124",446,124,NA,15,0.1,0,0.1,0.0876556016597516,0.0758269880855488,0.101127506127103
"125",446,125,NA,15,0.1,0,0.1,0.0995260663507109,0.0868482079947841,0.113823916862202
"126",446,126,NA,15,0.1,0,0.1,0.0997854077253218,0.0869800927233626,0.114240052591445
"127",446,127,NA,15,0.1,0,0.1,0.0939639079029248,0.0806361604439991,0.109232771582911
"128",446,128,NA,15,0.1,0,0.1,0.0992407809110722,0.0864046353741965,0.113746426006796
"129",446,129,NA,15,0.1,0,0.1,0.108296075509191,0.0954495115539564,0.122637243029655
"130",446,130,NA,15,0.1,0,0.1,0.0951683748169919,0.0831991020512839,0.10865550633773
"131",446,131,NA,15,0.1,0,0.1,0.0990430622009569,0.0869527923199886,0.112607082956973
"132",446,132,NA,15,0.1,0,0.1,0.0953947368421327,0.0816146337705795,0.111219751772053
"133",446,133,NA,15,0.1,0,0.1,0.104273504273504,0.0908166951490877,0.119462284878069
"134",446,134,NA,15,0.1,0,0.1,0.109292502639917,0.0960130192528229,0.124156406026878
"135",446,135,NA,15,0.1,0,0.1,0.105574740996547,0.0929252589480302,0.119718873713935
"136",446,136,NA,15,0.1,0,0.1,0.0951231289232255,0.0832165715758223,0.108531591545313
"137",446,137,NA,15,0.1,0,0.1,0.103518612952575,0.0907910689377141,0.117799201032133
"138",446,138,NA,15,0.1,0,0.1,0.105090311986864,0.0918355776905873,0.120005323085535
"139",446,139,NA,15,0.1,0,0.1,0.0983840304182537,0.0863706381795427,0.111863789193768
"140",446,140,NA,15,0.1,0,0.1,0.106225014277557,0.092632601245233,0.121544738724152
"141",446,141,NA,15,0.1,0,0.1,0.103784403669725,0.0903184759581597,0.118995392748249
"142",446,142,NA,15,0.1,0,0.1,0.105353075170843,0.0918327407438092,0.120599642268651
"143",446,143,NA,15,0.1,0,0.1,0.103263777421082,0.090260512607481,0.117897570983064
"144",446,144,NA,15,0.1,0,0.1,0.0934829059829059,0.081103858433849,0.107530288469208
"145",446,145,NA,15,0.1,0,0.1,0.0926640926641025,0.0801522611277848,0.106902046594722
"146",446,146,NA,15,0.1,0,0.1,0.0965011286681755,0.0836004446061753,0.111151103162406
"147",446,147,NA,15,0.1,0,0.1,0.0988056460369165,0.0859903884837948,0.113294043567665
"148",446,148,NA,15,0.1,0,0.1,0.10037373198078,0.0875608437045502,0.114825596864292
"149",446,149,NA,15,0.1,0,0.1,0.105456453305354,0.0924414624640563,0.120061437258092
"150",446,150,NA,15,0.1,0,0.1,0.100098135426889,0.0878005962546388,0.11390302194606
"151",446,151,NA,15,0.1,0,0.1,0.0945307224849044,0.0806455824058313,0.110519142430447
"152",446,152,NA,15,0.1,0,0.1,0.0914760914760915,0.0793844028484218,0.105199102849828
"153",446,153,NA,15,0.1,0,0.1,0.111054247697034,0.0978685658281496,0.125768751126673
"154",446,154,NA,15,0.1,0,0.1,0.0978086584714059,0.0851496796960572,0.112118969657817
"155",446,155,NA,15,0.1,0,0.1,0.0925081433224761,0.0789976665753876,0.108058135945925
"156",446,156,NA,15,0.1,0,0.1,0.108122362869198,0.0949177179091786,0.122914523482058
"157",446,157,NA,15,0.1,0,0.1,0.092928112215106,0.0800550991011171,0.10762895022563
"158",446,158,NA,15,0.1,0,0.1,0.0986639260020743,0.0861837614697599,0.112728386993229
"159",446,159,NA,15,0.1,0,0.1,0.0895937673900946,0.0772369706015721,0.103705296624552
"160",446,160,NA,15,0.1,0,0.1,0.112970711297071,0.099540031828252,0.127956047369824
"161",446,161,NA,15,0.1,0,0.1,0.105993065874195,0.0932958866341178,0.12018921659843
"162",446,162,NA,15,0.1,0,0.1,0.104271356783929,0.0901853365875725,0.1202666423716
"163",446,163,NA,15,0.1,0,0.1,0.104468949506699,0.090883067862643,0.119818083202645
"164",446,164,NA,15,0.1,0,0.1,0.106052490626691,0.0928744654416082,0.120851247117714
"165",446,165,NA,15,0.1,0,0.1,0.105907397551889,0.0927777210829673,0.120648054776555
"166",446,166,NA,15,0.1,0,0.1,0.0992042440318305,0.0865022354841132,0.11353959506661
"167",446,167,NA,15,0.1,0,0.1,0.0913776944705173,0.0798657462627197,0.104360787667616
"168",446,168,NA,15,0.1,0,0.1,0.0958369470945362,0.0844771525737967,0.108543206637238
"169",446,169,NA,15,0.1,0,0.1,0.116626794258375,0.102100300184298,0.132914128841623
"170",446,170,NA,15,0.1,0,0.1,0.102147721320075,0.089340797024772,0.116555534479022
"171",446,171,NA,15,0.1,0,0.1,0.0984890878567431,0.0855106263678571,0.113193548404557
"172",446,172,NA,15,0.1,0,0.1,0.108612177729018,0.0951317418055054,0.123741605570028
"173",446,173,NA,15,0.1,0,0.1,0.112790070156503,0.0991694848041631,0.128015547915761
"174",446,174,NA,15,0.1,0,0.1,0.0868696954568148,0.0753019652384306,0.1000222214883
"175",446,175,NA,15,0.1,0,0.1,0.104300543746912,0.0917128944210166,0.118390663318878
"176",446,176,NA,15,0.1,0,0.1,0.0886904761904762,0.0760035244890977,0.103258541533731
"177",446,177,NA,15,0.1,0,0.1,0.110687022900764,0.097122405360588,0.125882007353767
"178",446,178,NA,15,0.1,0,0.1,0.103363006923838,0.0908270026456574,0.117405806491669
"179",446,179,NA,15,0.1,0,0.1,0.0992907801418442,0.0868560100890402,0.113284922616406
"180",446,180,NA,15,0.1,0,0.1,0.104752171691364,0.0919394961637403,0.119116194747311
"181",446,181,NA,15,0.1,0,0.1,0.0978461538461538,0.0843209073773887,0.113272506134261
"182",446,182,NA,15,0.1,0,0.1,0.0962321792260692,0.0839558661874889,0.110087847958722
"183",446,183,NA,15,0.1,0,0.1,0.0974576271186441,0.0848743382888677,0.111678819570856
"184",446,184,NA,15,0.1,0,0.1,0.113134657836645,0.0993494845916827,0.128559556027553
"185",446,185,NA,15,0.1,0,0.1,0.101429230059936,0.0894113639010258,0.114858676198318
"186",446,186,NA,15,0.1,0,0.1,0.094871794871795,0.0826394538881357,0.108700227388018
"187",446,187,NA,15,0.1,0,0.1,0.0958751393534002,0.0830895584739788,0.110391262684519
"188",446,188,NA,15,0.1,0,0.1,0.117355371900827,0.103339301150505,0.132990509367562
"189",446,189,NA,15,0.1,0,0.1,0.101734104046243,0.0883473262505982,0.116889227551507
"190",446,190,NA,15,0.1,0,0.1,0.0981856990394878,0.0855125117847577,0.112506019058107
"191",446,191,NA,15,0.1,0,0.1,0.104265402843603,0.090561000884404,0.119770541354159
"192",446,192,NA,15,0.1,0,0.1,0.0989724175229853,0.0861694504671667,0.113441493546243
"193",446,193,NA,15,0.1,0,0.1,0.113020489094514,0.0980220298313893,0.129983158978138
"194",446,194,NA,15,0.1,0,0.1,0.0955670696603347,0.0826072824455205,0.110315555514155
"195",446,195,NA,15,0.1,0,0.1,0.103600758054335,0.0895215286538962,0.119603382513182
"196",446,196,NA,15,0.1,0,0.1,0.104662698412698,0.0920334227647507,0.118798272696577
"197",446,197,NA,15,0.1,0,0.1,0.100782778864974,0.0884617224471766,0.11460416946989
"198",446,198,NA,15,0.1,0,0.1,0.0990615224191897,0.086471478374509,0.113257385702713
"199",446,199,NA,15,0.1,0,0.1,0.108108108108108,0.0948746431093848,0.122936716625258
"200",446,200,NA,15,0.1,0,0.1,0.105686965274283,0.0929114426505092,0.119986784037275
"201",446,201,NA,15,0.1,0,0.1,0.114864864864869,0.100261088078142,0.131285407892047
"202",446,202,NA,15,0.1,0,0.1,0.0887602508441873,0.0772557193031246,0.101788994395586
"203",446,203,NA,15,0.1,0,0.1,0.098829648894669,0.0848843129524349,0.114778660545574
"204",446,204,NA,15,0.1,0,0.1,0.0984251968503937,0.0844484308647886,0.114426098103528
"205",446,205,NA,15,0.1,0,0.1,0.101742551995503,0.0885295073320987,0.116675208498569
"206",446,206,NA,15,0.1,0,0.1,0.0835073068893533,0.0730749811945307,0.0952758868240367
"207",446,207,NA,15,0.1,0,0.1,0.114040114613186,0.0999544350859191,0.129824446331318
"208",446,208,NA,15,0.1,0,0.1,0.0981169474727586,0.0858812933308839,0.111882474983585
"209",446,209,NA,15,0.1,0,0.1,0.0954063604240282,0.0832309198183971,0.109150829578765
"210",446,210,NA,15,0.1,0,0.1,0.106372045220966,0.0934301872964977,0.120867587404304
"211",446,211,NA,15,0.1,0,0.1,0.0939352485180119,0.0824158586221936,0.106877183925287
"212",446,212,NA,15,0.1,0,0.1,0.0960620525059667,0.0828504319132646,0.11112518038799
"213",446,213,NA,15,0.1,0,0.1,0.108800773694391,0.0960886419680474,0.122965885237472
"214",446,214,NA,15,0.1,0,0.1,0.100212089077417,0.08745076247395,0.114601759264631
"215",446,215,NA,15,0.1,0,0.1,0.0977534911961143,0.0843191928185091,0.113063940231553
"216",446,216,NA,15,0.1,0,0.1,0.105206655931298,0.0920660675608259,0.119974963122325
"217",446,217,NA,15,0.1,0,0.1,0.098369011213048,0.0859548601721852,0.112355703803214
"218",446,218,NA,15,0.1,0,0.1,0.110576923076924,0.0963834276604728,0.126567800739976
"219",446,219,NA,15,0.1,0,0.1,0.10181236673774,0.0889204979026684,0.116334662396073
"220",446,220,NA,15,0.1,0,0.1,0.103571428572638,0.090837722609759,0.117858755553037
"221",446,221,NA,15,0.1,0,0.1,0.101033834586473,0.0889300304916545,0.11457784623361
"222",446,222,NA,15,0.1,0,0.1,0.0967573221757322,0.0842923163617239,0.110842507968358
"223",446,223,NA,15,0.1,0,0.1,0.0994897959183673,0.0870012011589123,0.11354811493859
"224",446,224,NA,15,0.1,0,0.1,0.0947658402203857,0.0821220169763602,0.109124916561468
"225",446,225,NA,15,0.1,0,0.1,0.106076210092689,0.0931391013295169,0.12057137902664
"226",446,226,NA,15,0.1,0,0.1,0.100999473961074,0.0882372443709923,0.115373998310443
"227",446,227,NA,15,0.1,0,0.1,0.0985250737463128,0.0852189503937747,0.113650700762749
"228",446,228,NA,15,0.1,0,0.1,0.091824644549764,0.0789461931383042,0.106560893584175
"229",446,229,NA,15,0.1,0,0.1,0.0998431782540513,0.0871894874978066,0.114103725348061
"230",446,230,NA,15,0.1,0,0.1,0.0987172336865589,0.0857445271198641,0.113409179754332
"231",446,231,NA,15,0.1,0,0.1,0.100478468899522,0.087684744688807,0.114903769744264
"232",446,232,NA,15,0.1,0,0.1,0.110506260206859,0.0969626778149438,0.125678307665137
"233",446,233,NA,15,0.1,0,0.1,0.0867446393762183,0.0753151952261863,0.0997215046500253
"234",446,234,NA,15,0.1,0,0.1,0.103260869565217,0.0901617997146723,0.118016173643539
"235",446,235,NA,15,0.1,0,0.1,0.105155691679428,0.092325481674072,0.119534074433373
"236",446,236,NA,15,0.1,0,0.1,0.0906630581867395,0.079399150392887,0.103345529226153
"237",446,237,NA,15,0.1,0,0.1,0.0985090521831754,0.0858282695535674,0.11283212757509
"238",446,238,NA,15,0.1,0,0.1,0.0927083333333421,0.080525080430852,0.106521337075193
"239",446,239,NA,15,0.1,0,0.1,0.101118760757315,0.0895037718684215,0.11405222905907
"240",446,240,NA,15,0.1,0,0.1,0.098159509202454,0.0857403431355908,0.112156868301265
"241",446,241,NA,15,0.1,0,0.1,0.0940265486725666,0.0814083915140865,0.108369765667793
"242",446,242,NA,15,0.1,0,0.1,0.100779220779228,0.0881054802437902,0.115046042256552
"243",446,243,NA,15,0.1,0,0.1,0.0983436853002071,0.08584086059163,0.112443568179102
"244",446,244,NA,15,0.1,0,0.1,0.109109624292332,0.0959997364209945,0.123764713556417
"245",446,245,NA,15,0.1,0,0.1,0.0960835509138392,0.0836700978421071,0.110117368126256
"246",446,246,NA,15,0.1,0,0.1,0.0973817179604961,0.085618411810835,0.110565784042006
"247",446,247,NA,15,0.1,0,0.1,0.104297693920337,0.0913581543896037,0.118830252967425
"248",446,248,NA,15,0.1,0,0.1,0.0922930542340635,0.0806423991990432,0.105433881549694
"249",446,249,NA,15,0.1,0,0.1,0.0991689750692521,0.0862079921323259,0.113835832938919
"250",446,250,NA,15,0.1,0,0.1,0.0954285714285714,0.082523083601158,0.11011008460803
"251",446,251,NA,15,0.1,0,0.1,0.105708245243129,0.0926329825832354,0.12038423552113
"252",446,252,NA,15,0.1,0,0.1,0.0948275862068967,0.0823113731536098,0.109020906392359
"253",446,253,NA,15,0.1,0,0.1,0.0892678034102323,0.0775189151965201,0.102599322422274
"254",446,254,NA,15,0.1,0,0.1,0.0990145471609618,0.0870361548482169,0.112438442177448
"255",446,255,NA,15,0.1,0,0.1,0.0940128649183676,0.0820375385217518,0.107531501417545
"256",446,256,NA,15,0.1,0,0.1,0.0903027193432533,0.0783599773238255,0.103860521487026
"257",446,257,NA,15,0.1,0,0.1,0.106259097525473,0.0936696438065994,0.120315986206659
"258",446,258,NA,15,0.1,0,0.1,0.112938596491228,0.0992076364859246,0.128299327468873
"259",446,259,NA,15,0.1,0,0.1,0.104389086595492,0.0906691842773532,0.119911293895922
"260",446,260,NA,15,0.1,0,0.1,0.111845730027548,0.0981463664836636,0.127187592196364
"261",446,261,NA,15,0.1,0,0.1,0.0938144329896907,0.0816195657264697,0.107617836893335
"262",446,262,NA,15,0.1,0,0.1,0.0967437470504957,0.0848677206779785,0.110081745360127
"263",446,263,NA,15,0.1,0,0.1,0.0973030142781747,0.0847388273375766,0.111503138379075
"264",446,264,NA,15,0.1,0,0.1,0.107429718875502,0.094568885096956,0.121804266814126
"265",446,265,NA,15,0.1,0,0.1,0.0930460333006868,0.0811887655660763,0.106434404523056
"266",446,266,NA,15,0.1,0,0.1,0.101361573373676,0.0888287672886523,0.115438603011262
"267",446,267,NA,15,0.1,0,0.1,0.105206655931294,0.0920660660345643,0.11997496505011
"268",446,268,NA,15,0.1,0,0.1,0.106469002695418,0.0943183503212405,0.119977613300368
"269",446,269,NA,15,0.1,0,0.1,0.100931677018634,0.0882702903400057,0.115179763964878
"270",446,270,NA,15,0.1,0,0.1,0.106158357771261,0.0923990468864823,0.121691871371262
"271",446,271,NA,15,0.1,0,0.1,0.0844397238449283,0.0726995020693176,0.0978757574408565
"272",446,272,NA,15,0.1,0,0.1,0.0962389380530988,0.0834761958772894,0.110717265782313
"273",446,273,NA,15,0.1,0,0.1,0.0982986767485823,0.084592190540226,0.113949574890542
"274",446,274,NA,15,0.1,0,0.1,0.097842448569995,0.0855515651641185,0.111683459520448
"275",446,275,NA,15,0.1,0,0.1,0.103382259093812,0.0892504820378245,0.119458144499006
"276",446,276,NA,15,0.1,0,0.1,0.110706860706861,0.0974442911904584,0.125523476554448
"277",446,277,NA,15,0.1,0,0.1,0.0861573808156234,0.0738577368047237,0.100283514238299
"278",446,278,NA,15,0.1,0,0.1,0.0964414646725749,0.0840779861499582,0.110403823348185
"279",446,279,NA,15,0.1,0,0.1,0.0987514188422267,0.0856700196636885,0.113582150421908
"280",446,280,NA,15,0.1,0,0.1,0.09796573875803,0.0852873152676743,0.112297495894264
"281",446,281,NA,15,0.1,0,0.1,0.102122776821572,0.0887581971801031,0.117240790996226
"282",446,282,NA,15,0.1,0,0.1,0.0946808510638302,0.0822492041494636,0.108768800699053
"283",446,283,NA,15,0.1,0,0.1,0.107600732600733,0.0952779985715682,0.121303533649433
"284",446,284,NA,15,0.1,0,0.1,0.0989151244416089,0.0850849422930792,0.114711484454215
"285",446,285,NA,15,0.1,0,0.1,0.104722792607803,0.0918839838958879,0.119120231162543
"286",446,286,NA,15,0.1,0,0.1,0.099182561307902,0.0863205748390149,0.113722480487783
"287",446,287,NA,15,0.1,0,0.1,0.0951008645533143,0.0821651643637562,0.109829406242734
"288",446,288,NA,15,0.1,0,0.1,0.100461301896464,0.0878865540007662,0.114609164179347
"289",446,289,NA,15,0.1,0,0.1,0.0899676375404565,0.0766827606718202,0.105291589898684
"290",446,290,NA,15,0.1,0,0.1,0.11017425519955,0.0964441441645822,0.125587347369204
"291",446,291,NA,15,0.1,0,0.1,0.0893769152196118,0.0775202165369324,0.102844912980738
"292",446,292,NA,15,0.1,0,0.1,0.0919835560123329,0.0799233918738893,0.105654581095765
"293",446,293,NA,15,0.1,0,0.1,0.10795742524075,0.0950079353860198,0.122433137125504
"294",446,294,NA,15,0.1,0,0.1,0.104742053152684,0.0918110447417557,0.11925516255166
"295",446,295,NA,15,0.1,0,0.1,0.0889243876464329,0.0768642559347422,0.102666327706701
"296",446,296,NA,15,0.1,0,0.1,0.115861214374226,0.101137434995297,0.132412745049041
"297",446,297,NA,15,0.1,0,0.1,0.0898035547240412,0.0783992381742372,0.102681963649122
"298",446,298,NA,15,0.1,0,0.1,0.108308605341246,0.0954883771950302,0.12261673852763
"299",446,299,NA,15,0.1,0,0.1,0.107233181588266,0.0943376951281539,0.121654631807112
"300",446,300,NA,15,0.1,0,0.1,0.101147028154327,0.0884291326999012,0.115462335733732
"301",446,301,NA,15,0.1,0,0.1,0.123523622047244,0.109914041818233,0.1385560244201
"302",446,302,NA,15,0.1,0,0.1,0.108967674661106,0.0957856275123553,0.123715629563887
"303",446,303,NA,15,0.1,0,0.1,0.102909482758623,0.0898851141375905,0.117577273955221
"304",446,304,NA,15,0.1,0,0.1,0.105902777777778,0.0922456876018907,0.121311605546305
"305",446,305,NA,15,0.1,0,0.1,0.104096385542169,0.0916703016473783,0.117988055255653
"306",446,306,NA,15,0.1,0,0.1,0.0934734513274336,0.080891788131522,0.107782543675202
"307",446,307,NA,15,0.1,0,0.1,0.10207423580786,0.0890215215995049,0.116795422869693
"308",446,308,NA,15,0.1,0,0.1,0.102165463631316,0.0890019902245295,0.11702573132658
"309",446,309,NA,15,0.1,0,0.1,0.104404567699837,0.0912322541741385,0.119229208763024
"310",446,310,NA,15,0.1,0,0.1,0.107410881801126,0.0949573283892426,0.121278841731826
"311",446,311,NA,15,0.1,0,0.1,0.105871474803514,0.0935877077602368,0.119554876185083
"312",446,312,NA,15,0.1,0,0.1,0.10195530726257,0.0898519958315081,0.115482104837825
"313",446,313,NA,15,0.1,0,0.1,0.09320987654321,0.0799847668772204,0.108364134636305
"314",446,314,NA,15,0.1,0,0.1,0.111220472440945,0.0982673133864123,0.125643154290955
"315",446,315,NA,15,0.1,0,0.1,0.101358411703239,0.0886151480434385,0.115701571525551
"316",446,316,NA,15,0.1,0,0.1,0.102155576382381,0.0900033675156971,0.115739883519751
"317",446,317,NA,15,0.1,0,0.1,0.0972294824882384,0.0847379368931669,0.111338451742474
"318",446,318,NA,15,0.1,0,0.1,0.113880532874947,0.101597037077131,0.127438488385976
"319",446,319,NA,15,0.1,0,0.1,0.0994182971972502,0.0867219484478933,0.113741931345125
"320",446,320,NA,15,0.1,0,0.1,0.0960674157303381,0.0832222574951495,0.110655889733225
"321",446,321,NA,15,0.1,0,0.1,0.102513553474619,0.0900476200470152,0.116484319367877
"322",446,322,NA,15,0.1,0,0.1,0.0989355040701316,0.0852258529889033,0.114574305279191
"323",446,323,NA,15,0.1,0,0.1,0.105383734249714,0.091825168010489,0.120678281620415
"324",446,324,NA,15,0.1,0,0.1,0.0972146368104861,0.0844646025506276,0.111654584601978
"325",446,325,NA,15,0.1,0,0.1,0.105200945626485,0.091452434822235,0.120741661116102
"326",446,326,NA,15,0.1,0,0.1,0.0952157598499064,0.0834651613863786,0.108424958193725
"327",446,327,NA,15,0.1,0,0.1,0.0918422474338196,0.0795054056823648,0.105873215899459
"328",446,328,NA,15,0.1,0,0.1,0.11286222674123,0.0996164301818547,0.127619649679544
"329",446,329,NA,15,0.1,0,0.1,0.104798676227258,0.0915137235678427,0.119757965808253
"330",446,330,NA,15,0.1,0,0.1,0.0952640174197102,0.082659015348149,0.109561632078046
"331",446,331,NA,15,0.1,0,0.1,0.108695652173913,0.0943990461282144,0.124858934360498
"332",446,332,NA,15,0.1,0,0.1,0.0994318181818182,0.0862995731538067,0.114312392054687
"333",446,333,NA,15,0.1,0,0.1,0.0975485188968337,0.0851729469185916,0.111503085358646
"334",446,334,NA,15,0.1,0,0.1,0.104714912280702,0.091472806227775,0.119621615751125
"335",446,335,NA,15,0.1,0,0.1,0.108167770419427,0.0946754278516912,0.123321006799829
"336",446,336,NA,15,0.1,0,0.1,0.0959451741861801,0.0830089484763526,0.110654126274721
"337",446,337,NA,15,0.1,0,0.1,0.0999482133609529,0.0873436894665566,0.114144196812928
"338",446,338,NA,15,0.1,0,0.1,0.0970988750740084,0.083865407117844,0.112164846917538
"339",446,339,NA,15,0.1,0,0.1,0.0972886762360453,0.0846940855333942,0.111527959982007
"340",446,340,NA,15,0.1,0,0.1,0.097842448569995,0.0855515652043623,0.111683459469413
"341",446,341,NA,15,0.1,0,0.1,0.0979133226324248,0.0852413879946112,0.112237923169075
"342",446,342,NA,15,0.1,0,0.1,0.0941987363584156,0.0813442053123532,0.108843944024903
"343",446,343,NA,15,0.1,0,0.1,0.102340772999456,0.0892882926071547,0.117056063935926
"344",446,344,NA,15,0.1,0,0.1,0.0947867298578199,0.0824067844988204,0.108805975765682
"345",446,345,NA,15,0.1,0,0.1,0.111282843894899,0.0980425476849879,0.126061288963009
"346",446,346,NA,15,0.1,0,0.1,0.102779234399581,0.0899277650536813,0.117230712250693
"347",446,347,NA,15,0.1,0,0.1,0.105237395986299,0.0926541141297481,0.11930490055169
"348",446,348,NA,15,0.1,0,0.1,0.0979676915059928,0.0854484877769165,0.112096286611581
"349",446,349,NA,15,0.1,0,0.1,0.109691160809377,0.0963351931228246,0.124643403700719
"350",446,350,NA,15,0.1,0,0.1,0.0995343422584445,0.0862459678589315,0.114613317822351
"351",446,351,NA,15,0.1,0,0.1,0.0954666666666685,0.0829690630345745,0.109621745386416
"352",446,352,NA,15,0.1,0,0.1,0.0978108989287378,0.0859451354684497,0.111115727470744
"353",446,353,NA,15,0.1,0,0.1,0.0918964076858821,0.0809609097204655,0.104141602382982
"354",446,354,NA,15,0.1,0,0.1,0.10645472061657,0.0938972674218062,0.12046828071972
"355",446,355,NA,15,0.1,0,0.1,0.0916405900759946,0.0803652373522499,0.104318442566905
"356",446,356,NA,15,0.1,0,0.1,0.105970952124798,0.0927711361736038,0.120798812000195
"357",446,357,NA,15,0.1,0,0.1,0.104066985645933,0.0903139385715639,0.119638914805279
"358",446,358,NA,15,0.1,0,0.1,0.0883090817862529,0.0766197873196568,0.101585527886375
"359",446,359,NA,15,0.1,0,0.1,0.0980187695516163,0.0854933240638632,0.112154239428054
"360",446,360,NA,15,0.1,0,0.1,0.108782435129741,0.0958810556242696,0.123183254993322
"361",446,361,NA,15,0.1,0,0.1,0.106451612903226,0.0932263808222486,0.121302017206414
"362",446,362,NA,15,0.1,0,0.1,0.0942803268384808,0.0808680690090798,0.109651677965079
"363",446,363,NA,15,0.1,0,0.1,0.107142857142858,0.0936417554498826,0.122327803038851
"364",446,364,NA,15,0.1,0,0.1,0.114993646759848,0.100148412239769,0.131717316886642
"365",446,365,NA,15,0.1,0,0.1,0.0973963355834137,0.0853604450103117,0.110923483050883
"366",446,366,NA,15,0.1,0,0.1,0.0991401112797168,0.0867233703952317,0.113114447957636
"367",446,367,NA,15,0.1,0,0.1,0.103159252095423,0.0889744150803181,0.119309360491046
"368",446,368,NA,15,0.1,0,0.1,0.0992329817833185,0.0871205676430726,0.112821268508098
"369",446,369,NA,15,0.1,0,0.1,0.104214123006838,0.0907646209632945,0.119394871473478
"370",446,370,NA,15,0.1,0,0.1,0.096153846153858,0.0830809563720645,0.111034673598783
"371",446,371,NA,15,0.1,0,0.1,0.0976349302607641,0.0842162285621435,0.112928064280318
"372",446,372,NA,15,0.1,0,0.1,0.099607458292444,0.0873391303677422,0.113384994439381
"373",446,373,NA,15,0.1,0,0.1,0.0951932139491046,0.0834179387127076,0.108434044580163
"374",446,374,NA,15,0.1,0,0.1,0.0985682819383266,0.0856823702053746,0.113152296118409
"375",446,375,NA,15,0.1,0,0.1,0.0968096809680968,0.0840430367000604,0.11128004536145
"376",446,376,NA,15,0.1,0,0.1,0.0992569002123143,0.0865484482641502,0.113599345364008
"377",446,377,NA,15,0.1,0,0.1,0.0963618485742379,0.084278034421469,0.109970176397444
"378",446,378,NA,15,0.1,0,0.1,0.113007651559741,0.0988053408844176,0.128959279899603
"379",446,379,NA,15,0.1,0,0.1,0.101910828025492,0.0890387108748182,0.116406045184041
"380",446,380,NA,15,0.1,0,0.1,0.116704805491991,0.102475112393205,0.132618469050484
"381",446,381,NA,15,0.1,0,0.1,0.107638888888889,0.0948386681172035,0.121934006803925
"382",446,382,NA,15,0.1,0,0.1,0.099032703823123,0.0871578552597006,0.112326361082377
"383",446,383,NA,15,0.1,0,0.1,0.0988179669030733,0.0868084939250278,0.11228459523013
"384",446,384,NA,15,0.1,0,0.1,0.0979955456570167,0.0863663808077304,0.111000327178066
"385",446,385,NA,15,0.1,0,0.1,0.108568075117371,0.0946552877352914,0.124245176282173
"386",446,386,NA,15,0.1,0,0.1,0.104644954618259,0.0915712053842904,0.119340052172641
"387",446,387,NA,15,0.1,0,0.1,0.0952902519167584,0.0826480295032373,0.10963517170634
"388",446,388,NA,15,0.1,0,0.1,0.102120535714286,0.0889288713421383,0.117017708407198
"389",446,389,NA,15,0.1,0,0.1,0.0893234672304441,0.0772785484518912,0.10303611448637
"390",446,390,NA,15,0.1,0,0.1,0.101394849785409,0.0884897436547841,0.115942608715571
"391",446,391,NA,15,0.1,0,0.1,0.108863771564545,0.0948435120984065,0.124671117524252
"392",446,392,NA,15,0.1,0,0.1,0.108382274426054,0.0950861394116771,0.123284342098195
"393",446,393,NA,15,0.1,0,0.1,0.0987937966685814,0.0856359536986942,0.113721881378503
"394",446,394,NA,15,0.1,0,0.1,0.094699225729601,0.0815909764071168,0.109661962206842
"395",446,395,NA,15,0.1,0,0.1,0.100569259962049,0.0884384225413913,0.114155670460286
"396",446,396,NA,15,0.1,0,0.1,0.0982758620689656,0.085148202617636,0.113177084269296
"397",446,397,NA,15,0.1,0,0.1,0.102217414818821,0.0892124128036954,0.116874953758095
"398",446,398,NA,15,0.1,0,0.1,0.105324074074074,0.0917030768341166,0.120699397727977
"399",446,399,NA,15,0.1,0,0.1,0.109612141652614,0.0959156416814078,0.124994063412725
"400",446,400,NA,15,0.1,0,0.1,0.110619469026549,0.0969672310438204,0.125925800297754
"401",446,401,NA,15,0.1,0,0.1,0.109536082474236,0.0949372248845115,0.126067164273797
"402",446,402,NA,15,0.1,0,0.1,0.0922636103151875,0.0795533504287876,0.106769034215351
"403",446,403,NA,15,0.1,0,0.1,0.106824925816025,0.0940890165063806,0.121054405752273
"404",446,404,NA,15,0.1,0,0.1,0.0970377936670073,0.0846937955834466,0.11096280384256
"405",446,405,NA,15,0.1,0,0.1,0.095369349503859,0.0826828720890829,0.109769449662141
"406",446,406,NA,15,0.1,0,0.1,0.089082020640996,0.076898576515899,0.102980410451987
"407",446,407,NA,15,0.1,0,0.1,0.0928534167970788,0.0806518759916829,0.10668667349859
"408",446,408,NA,15,0.1,0,0.1,0.101105845181675,0.0883307839414646,0.115494466002598
"409",446,409,NA,15,0.1,0,0.1,0.0884912959381045,0.0769909156576487,0.101520580977144
"410",446,410,NA,15,0.1,0,0.1,0.108256880733945,0.094090930726085,0.124263048253149
"411",446,411,NA,15,0.1,0,0.1,0.0940082644628099,0.0817892493376104,0.107838364546633
"412",446,412,NA,15,0.1,0,0.1,0.0941176470588241,0.0816912478029447,0.108211537290457
"413",446,413,NA,15,0.1,0,0.1,0.095010845986985,0.0836963241534391,0.107675187122238
"414",446,414,NA,15,0.1,0,0.1,0.105313092979127,0.0929102931421518,0.119154082393262
"415",446,415,NA,15,0.1,0,0.1,0.111184645929848,0.0962946111884154,0.128050880635788
"416",446,416,NA,15,0.1,0,0.1,0.105888708806051,0.0926670060591239,0.120745833402534
"417",446,417,NA,15,0.1,0,0.1,0.0988039521580864,0.0862451959506965,0.112965389029364
"418",446,418,NA,15,0.1,0,0.1,0.107701941139643,0.0934143314420637,0.123876227028515
"419",446,419,NA,15,0.1,0,0.1,0.0886150234741784,0.0760169128521849,0.103068095048293
"420",446,420,NA,15,0.1,0,0.1,0.10807669959326,0.0942588725687438,0.123643624337593
"421",446,421,NA,15,0.1,0,0.1,0.106512141280353,0.0931194672976274,0.121572768701053
"422",446,422,NA,15,0.1,0,0.1,0.114402451481103,0.10104224292013,0.129275161769383
"423",446,423,NA,15,0.1,0,0.1,0.102956167176351,0.090265062559306,0.117201739664851
"424",446,424,NA,15,0.1,0,0.1,0.107731958762887,0.094692041765422,0.12232494984316
"425",446,425,NA,15,0.1,0,0.1,0.0929451287793953,0.0803264181604211,0.107314837633567
"426",446,426,NA,15,0.1,0,0.1,0.0954907161803714,0.0830227095672437,0.109607307108794
"427",446,427,NA,15,0.1,0,0.1,0.103485254691693,0.0904554008293069,0.118148215587692
"428",446,428,NA,15,0.1,0,0.1,0.099337748344373,0.0858508605075934,0.114677590859116
"429",446,429,NA,15,0.1,0,0.1,0.102261553588987,0.0898248428420928,0.116200355678764
"430",446,430,NA,15,0.1,0,0.1,0.107378854625551,0.0939478215226404,0.122470480715814
"431",446,431,NA,15,0.1,0,0.1,0.100968893421724,0.0883937173119757,0.115107162266411
"432",446,432,NA,15,0.1,0,0.1,0.109904430929627,0.0977634831187681,0.123346998034104
"433",446,433,NA,15,0.1,0,0.1,0.0978260869565218,0.0856251096201524,0.111553514830592
"434",446,434,NA,15,0.1,0,0.1,0.0916530278232406,0.0792722350950466,0.105745383132468
"435",446,435,NA,15,0.1,0,0.1,0.104963805584281,0.0920670245896126,0.119429533841057
"436",446,436,NA,15,0.1,0,0.1,0.111952406706329,0.0983662732453833,0.127150400689758
"437",446,437,NA,15,0.1,0,0.1,0.0945719082260773,0.081848525352928,0.109038258610915
"438",446,438,NA,15,0.1,0,0.1,0.101575230852799,0.0885834244935662,0.116229450606112
"439",446,439,NA,15,0.1,0,0.1,0.10662177328844,0.0931168105546124,0.121822286353726
"440",446,440,NA,15,0.1,0,0.1,0.101677681748856,0.0890780274500521,0.115832876419246
"441",446,441,NA,15,0.1,0,0.1,0.0954820680018695,0.0837542751505846,0.108657311306553
"442",446,442,NA,15,0.1,0,0.1,0.0978886756238008,0.0858505982496443,0.11140902826366
"443",446,443,NA,15,0.1,0,0.1,0.0945574491478835,0.08194027287749,0.108886993951122
"444",446,444,NA,15,0.1,0,0.1,0.0981029810298103,0.0853419350459598,0.112537393250789
"445",446,445,NA,15,0.1,0,0.1,0.107106076210093,0.0941088425497881,0.121657274048074
"446",446,446,NA,15,0.1,0,0.1,0.083969465648855,0.0724923818318737,0.0970734405036967
"447",446,447,NA,15,0.1,0,0.1,0.100667408231368,0.0875877208445507,0.115453163958205
"448",446,448,NA,15,0.1,0,0.1,0.0980683506686491,0.0858384880749913,0.11182751561795
"449",446,449,NA,15,0.1,0,0.1,0.107021791767554,0.0944007284041907,0.121104596319154
"450",446,450,NA,15,0.1,0,0.1,0.10333692142089,0.090293042398582,0.118020675805669
"451",446,451,NA,15,0.1,0,0.1,0.112931538911645,0.098772976100713,0.12882953131135
"452",446,452,NA,15,0.1,0,0.1,0.0989690721649488,0.0864520161257283,0.113074108344078
"453",446,453,NA,15,0.1,0,0.1,0.102253032928943,0.0888367746121662,0.117434296760697
"454",446,454,NA,15,0.1,0,0.1,0.106525911708253,0.0939872481557349,0.120514830003433
"455",446,455,NA,15,0.1,0,0.1,0.0950090198436561,0.0818208732153514,0.110068051361559
"456",446,456,NA,15,0.1,0,0.1,0.104042806183115,0.0903297058327736,0.11956408866112
"457",446,457,NA,15,0.1,0,0.1,0.100494233937397,0.0875032213438243,0.115170505709202
"458",446,458,NA,15,0.1,0,0.1,0.0988654781199352,0.0860757355506285,0.113319976607579
"459",446,459,NA,15,0.1,0,0.1,0.104645227156713,0.0918450111578477,0.118995628990376
"460",446,460,NA,15,0.1,0,0.1,0.102029914529915,0.089111760736684,0.116581079881084
"461",446,461,NA,15,0.1,0,0.1,0.0899122807017545,0.0776197204151074,0.103932244193361
"462",446,462,NA,15,0.1,0,0.1,0.107032057911065,0.0940138121657916,0.121610989689512
"463",446,463,NA,15,0.1,0,0.1,0.090545272636325,0.0787278698599236,0.103936397816698
"464",446,464,NA,15,0.1,0,0.1,0.0905905905905916,0.0787675080214168,0.103988007940571
"465",446,465,NA,15,0.1,0,0.1,0.0892434988179674,0.0765594715519426,0.103792761854078
"466",446,466,NA,15,0.1,0,0.1,0.103317535545024,0.0910336091224848,0.117045592915974
"467",446,467,NA,15,0.1,0,0.1,0.0989119683481701,0.0866397568902454,0.112707987851848
"468",446,468,NA,15,0.1,0,0.1,0.106901920083031,0.0938690040604284,0.121501711678933
"469",446,469,NA,15,0.1,0,0.1,0.100802407221665,0.0883355949311816,0.114807093198605
"470",446,470,NA,15,0.1,0,0.1,0.111928533893852,0.0985271280543266,0.126896173780658
"471",446,471,NA,15,0.1,0,0.1,0.0892018779342726,0.0772387295622468,0.102811496028928
"472",446,472,NA,15,0.1,0,0.1,0.105451936872333,0.0903818667085112,0.122695819091218
"473",446,473,NA,15,0.1,0,0.1,0.104017611447443,0.0907942672289779,0.118914930561404
"474",446,474,NA,15,0.1,0,0.1,0.104954714970698,0.0918754721426306,0.119650576380525
"475",446,475,NA,15,0.1,0,0.1,0.0937672366243797,0.0811824457579056,0.108073437787862
"476",446,476,NA,15,0.1,0,0.1,0.0915989159891616,0.0792594402430827,0.105639049161009
"477",446,477,NA,15,0.1,0,0.1,0.0957711442786073,0.0823216369627268,0.111151850069022
"478",446,478,NA,15,0.1,0,0.1,0.103744628606507,0.0898435692138557,0.119514100744699
"479",446,479,NA,15,0.1,0,0.1,0.101594533029613,0.0896347375087579,0.114948609070601
"480",446,480,NA,15,0.1,0,0.1,0.103301384451545,0.0903251905277761,0.117900140011696
"481",446,481,NA,15,0.1,0,0.1,0.108041440552541,0.0952512683522406,0.122316866176805
"482",446,482,NA,15,0.1,0,0.1,0.102328431372549,0.0885318312926164,0.117996723948953
"483",446,483,NA,15,0.1,0,0.1,0.10123966942149,0.0885719288027388,0.115489602524363
"484",446,484,NA,15,0.1,0,0.1,0.108624454148472,0.0951745267585391,0.123715223189965
"485",446,485,NA,15,0.1,0,0.1,0.0960451977401135,0.0831675750989041,0.110676081741168
"486",446,486,NA,15,0.1,0,0.1,0.105089538171536,0.0927380579529979,0.118870535000402
"487",446,487,NA,15,0.1,0,0.1,0.0977443609022556,0.0850607688623596,0.112087533375451
"488",446,488,NA,15,0.1,0,0.1,0.101419878296146,0.0888507088855565,0.115541655148898
"489",446,489,NA,15,0.1,0,0.1,0.111560693641618,0.0975652748701783,0.127280555290275
"490",446,490,NA,15,0.1,0,0.1,0.0988056460369177,0.0859903890825238,0.113294042802394
"491",446,491,NA,15,0.1,0,0.1,0.0906200317965061,0.078474227539587,0.104432659382695
"492",446,492,NA,15,0.1,0,0.1,0.105804111245466,0.0918698185004624,0.121568953282384
"493",446,493,NA,15,0.1,0,0.1,0.0967184801381695,0.0836824223505752,0.111538103922566
"494",446,494,NA,15,0.1,0,0.1,0.101914123124679,0.0891963554652229,0.116213841289009
"495",446,495,NA,15,0.1,0,0.1,0.0994243851386709,0.0867902733765567,0.11366872937656
"496",446,496,NA,15,0.1,0,0.1,0.0829411764705885,0.0707384253262039,0.0970291681319436
"497",446,497,NA,15,0.1,0,0.1,0.100526567735759,0.0883463233923181,0.114175779917853
"498",446,498,NA,15,0.1,0,0.1,0.0965556182947487,0.083647958153539,0.111213318785726
"499",446,499,NA,15,0.1,0,0.1,0.0989557434112401,0.0866493432409971,0.112794117088498
"500",446,500,NA,15,0.1,0,0.1,0.108537693006358,0.0962119409531618,0.12222894947427
"501",446,501,NA,15,0.1,0,0.1,0.0955794504181601,0.0823931063755401,0.110621746726452
"502",446,502,NA,15,0.1,0,0.1,0.0900423728813803,0.0779377758861974,0.103815280147864
"503",446,503,NA,15,0.1,0,0.1,0.0930101465614432,0.0803472485111145,0.107435602915161
"504",446,504,NA,15,0.1,0,0.1,0.0931263858093127,0.08055467672093,0.107430844275618
"505",446,505,NA,15,0.1,0,0.1,0.0933333333333334,0.0809732783502311,0.107359671684113
"506",446,506,NA,15,0.1,0,0.1,0.10241238051889,0.0904115419826094,0.115803355125614
"507",446,507,NA,15,0.1,0,0.1,0.0907759882869702,0.0790801159570868,0.104006308715762
"508",446,508,NA,15,0.1,0,0.1,0.096814490943161,0.0832656097995948,0.112297964156254
"509",446,509,NA,15,0.1,0,0.1,0.104124748490946,0.0914433610693225,0.118335735888516
"510",446,510,NA,15,0.1,0,0.1,0.0938399539435811,0.080995712009239,0.108480596113531
"511",446,511,NA,15,0.1,0,0.1,0.105675146771037,0.0930696917372077,0.119762444895187
"512",446,512,NA,15,0.1,0,0.1,0.0934383202099738,0.081163086284857,0.107353171051053
"513",446,513,NA,15,0.1,0,0.1,0.106301369863022,0.0929663973106226,0.121293309567263
"514",446,514,NA,15,0.1,0,0.1,0.106562311860325,0.0926075170052217,0.12233641447044
"515",446,515,NA,15,0.1,0,0.1,0.097845601436266,0.0861832817714305,0.110894553051519
"516",446,516,NA,15,0.1,0,0.1,0.101449275362319,0.0883066267545988,0.116298424894048
"517",446,517,NA,15,0.1,0,0.1,0.0933179723502313,0.0805054790442843,0.107930230020145
"518",446,518,NA,15,0.1,0,0.1,0.103682170542636,0.0912487248672307,0.117590561396151
"519",446,519,NA,15,0.1,0,0.1,0.100622903689506,0.0884315188271908,0.114284307192317
"520",446,520,NA,15,0.1,0,0.1,0.0980392156862746,0.0845280585186117,0.113442409395442
"521",446,521,NA,15,0.1,0,0.1,0.101501812532367,0.0888027678994199,0.115786096614974
"522",446,522,NA,15,0.1,0,0.1,0.110341151385932,0.0969406768345705,0.125336926924688
"523",446,523,NA,15,0.1,0,0.1,0.098674521354934,0.0864591768101948,0.112403355461511
"524",446,524,NA,15,0.1,0,0.1,0.107337780473017,0.0932863145195729,0.123218153705762
"525",446,525,NA,15,0.1,0,0.1,0.0989810771470166,0.0868146471023117,0.11264222469237
"526",446,526,NA,15,0.1,0,0.1,0.100900900900901,0.0873261742237696,0.116316865615658
"527",446,527,NA,15,0.1,0,0.1,0.0968389362769697,0.0846095140069084,0.110622380120601
"528",446,528,NA,15,0.1,0,0.1,0.102694458566347,0.0900341169984209,0.116906345286711
"529",446,529,NA,15,0.1,0,0.1,0.103813559322034,0.0908388113936887,0.118400180078572
"530",446,530,NA,15,0.1,0,0.1,0.108260325406758,0.0939412015710283,0.124462244229197
"531",446,531,NA,15,0.1,0,0.1,0.110352075669995,0.0970410231218313,0.125235757921271
"532",446,532,NA,15,0.1,0,0.1,0.0927461139896378,0.0805900575891047,0.106523326076936
"533",446,533,NA,15,0.1,0,0.1,0.102886405959032,0.0907300478817926,0.116462901852677
"534",446,534,NA,15,0.1,0,0.1,0.0983302411873842,0.0864574481114726,0.111634230955001
"535",446,535,NA,15,0.1,0,0.1,0.101632438125329,0.0888252023077389,0.116051089718163
"536",446,536,NA,15,0.1,0,0.1,0.106142506142506,0.0934840059905532,0.120287627849146
"537",446,537,NA,15,0.1,0,0.1,0.114152591729761,0.0999524499587607,0.130078570167722
"538",446,538,NA,15,0.1,0,0.1,0.100688924218336,0.087901367051628,0.11510200852287
"539",446,539,NA,15,0.1,0,0.1,0.0974025974025973,0.0846957332187848,0.11178304402107
"540",446,540,NA,15,0.1,0,0.1,0.100612870275792,0.0880501269351109,0.11474250655655
"541",446,541,NA,15,0.1,0,0.1,0.0986358866736623,0.0860350536926482,0.112854375009151
"542",446,542,NA,15,0.1,0,0.1,0.0964954392702834,0.0845381522650852,0.109940884652055
"543",446,543,NA,15,0.1,0,0.1,0.109809663250366,0.0969856161243859,0.124096358867125
"544",446,544,NA,15,0.1,0,0.1,0.0992167101827676,0.0866078167528387,0.113433311808576
"545",446,545,NA,15,0.1,0,0.1,0.0916334661354585,0.0790065519211679,0.106046063420305
"546",446,546,NA,15,0.1,0,0.1,0.113207547169812,0.0993820986358532,0.128681504389474
"547",446,547,NA,15,0.1,0,0.1,0.097231600270092,0.0831520063232586,0.1134003353399
"548",446,548,NA,15,0.1,0,0.1,0.0947423217074441,0.0824318970619247,0.108673453056727
"549",446,549,NA,15,0.1,0,0.1,0.0976331360948118,0.0843677485870179,0.112727492721914
"550",446,550,NA,15,0.1,0,0.1,0.0994318181818244,0.0862995750750202,0.114312389587884
"551",446,551,NA,15,0.1,0,0.1,0.103929679420889,0.0910942432909851,0.11833819430004
"552",446,552,NA,15,0.1,0,0.1,0.0848743480322427,0.0737115042064127,0.0975496586400646
"553",446,553,NA,15,0.1,0,0.1,0.0959548447789275,0.0841443188782018,0.109225398569912
"554",446,554,NA,15,0.1,0,0.1,0.0940819423368743,0.0819778547695707,0.107763416424332
"555",446,555,NA,15,0.1,0,0.1,0.0902922755741136,0.0782543486383913,0.103973122240674
"556",446,556,NA,15,0.1,0,0.1,0.0948813982521853,0.0814701886205496,0.11023534273434
"557",446,557,NA,15,0.1,0,0.1,0.108643457382953,0.0945777542986084,0.124513353912757
"558",446,558,NA,15,0.1,0,0.1,0.109216589861751,0.0967681946026756,0.123048206506389
"559",446,559,NA,15,0.1,0,0.1,0.0956651718983565,0.083548097469195,0.109329952332503
"560",446,560,NA,15,0.1,0,0.1,0.0925707547169831,0.0796692525039996,0.107317881260777
"561",446,561,NA,15,0.1,0,0.1,0.116709511568123,0.103179905644446,0.131752572807319
"562",446,562,NA,15,0.1,0,0.1,0.0965147453083247,0.0839187519083075,0.110772750577917
"563",446,563,NA,15,0.1,0,0.1,0.0945347119645495,0.0825547870759462,0.108048361160379
"564",446,564,NA,15,0.1,0,0.1,0.102139037433157,0.089207702137062,0.116704679078505
"565",446,565,NA,15,0.1,0,0.1,0.0959170447180816,0.0821960690116866,0.111649831044031
"566",446,566,NA,15,0.1,0,0.1,0.0966647823629189,0.0837431518174853,0.111337953576044
"567",446,567,NA,15,0.1,0,0.1,0.105046343975283,0.0921697587764075,0.119485086312786
"568",446,568,NA,15,0.1,0,0.1,0.100594648166502,0.0882102461674176,0.114499432560234
"569",446,569,NA,15,0.1,0,0.1,0.0848831664282312,0.0736898792158257,0.0975975438513871
"570",446,570,NA,15,0.1,0,0.1,0.0908581043185702,0.0783699751375501,0.105109247178369
"571",446,571,NA,15,0.1,0,0.1,0.0919324577861225,0.0803812799048482,0.104954147939849
"572",446,572,NA,15,0.1,0,0.1,0.100739897552647,0.0875132718588502,0.11571207672261
"573",446,573,NA,15,0.1,0,0.1,0.102780536246277,0.0902552252310275,0.116820861201419
"574",446,574,NA,15,0.1,0,0.1,0.103778605641299,0.090776760773549,0.118400185900679
"575",446,575,NA,15,0.1,0,0.1,0.102051835853132,0.0890669360134668,0.116687287436852
"576",446,576,NA,15,0.1,0,0.1,0.0967570441254674,0.0841960628412399,0.110964905113178
"577",446,577,NA,15,0.1,0,0.1,0.0992366412213749,0.0863679520972989,0.113783949554178
"578",446,578,NA,15,0.1,0,0.1,0.0953595104538501,0.0831288432468395,0.109175392233475
"579",446,579,NA,15,0.1,0,0.1,0.113053613053613,0.0989149848219401,0.128924028579712
"580",446,580,NA,15,0.1,0,0.1,0.100170745589072,0.0869805243294973,0.115109026509608
"581",446,581,NA,15,0.1,0,0.1,0.0934725848563969,0.0812252378089739,0.107350848690722
"582",446,582,NA,15,0.1,0,0.1,0.10081466395112,0.0882578243648292,0.114932816109049
"583",446,583,NA,15,0.1,0,0.1,0.0997109826589595,0.0875428499771603,0.113360316772398
"584",446,584,NA,15,0.1,0,0.1,0.105900948366702,0.0928337324995289,0.12056304839686
"585",446,585,NA,15,0.1,0,0.1,0.0919117647058825,0.079732352938153,0.105737862734034
"586",446,586,NA,15,0.1,0,0.1,0.0966966966966978,0.0834014842737166,0.111852694828401
"587",446,587,NA,15,0.1,0,0.1,0.105374077976819,0.0923381765351493,0.120007008063139
"588",446,588,NA,15,0.1,0,0.1,0.0983889528193326,0.0852468430135905,0.113306162388644
"589",446,589,NA,15,0.1,0,0.1,0.113114754098361,0.0993948739374557,0.128458320510258
"590",446,590,NA,15,0.1,0,0.1,0.0989486703775763,0.0853176255780434,0.114484940625091
"591",446,591,NA,15,0.1,0,0.1,0.112390350877193,0.0986912000689828,0.127721593290565
"592",446,592,NA,15,0.1,0,0.1,0.103678929765888,0.0903971294484309,0.118657620720845
"593",446,593,NA,15,0.1,0,0.1,0.094411285946828,0.0818808241819427,0.108632432435373
"594",446,594,NA,15,0.1,0,0.1,0.0953582240161454,0.0831886658549343,0.109096206992158
"595",446,595,NA,15,0.1,0,0.1,0.100447856685862,0.0864965421927674,0.116362785921076
"596",446,596,NA,15,0.1,0,0.1,0.0798575788402852,0.0686667274742426,0.0926907271217316
"597",446,597,NA,15,0.1,0,0.1,0.0940499040307108,0.0822438188882671,0.107352509553208
"598",446,598,NA,15,0.1,0,0.1,0.0981976382846489,0.0845858410513532,0.113727751587496
"599",446,599,NA,15,0.1,0,0.1,0.105868814729574,0.0922508044983426,0.121228637273136
"600",446,600,NA,15,0.1,0,0.1,0.101894521249364,0.0892394022409453,0.116115470964698
"601",446,601,NA,15,0.1,0,0.1,0.100949525237381,0.0884944886894154,0.114936488193858
"602",446,602,NA,15,0.1,0,0.1,0.0981996726677582,0.085393356703766,0.11268990015792
"603",446,603,NA,15,0.1,0,0.1,0.0976875884851345,0.0857554891718755,0.111078216243701
"604",446,604,NA,15,0.1,0,0.1,0.0914169629253428,0.0794593579808841,0.104968840478971
"605",446,605,NA,15,0.1,0,0.1,0.0955352856457039,0.0836360174252827,0.108926276841818
"606",446,606,NA,15,0.1,0,0.1,0.0939086294416249,0.0817953007594711,0.107605630126154
"607",446,607,NA,15,0.1,0,0.1,0.100588812561335,0.0882621584179169,0.114420953188285
"608",446,608,NA,15,0.1,0,0.1,0.10023980815348,0.0880653670255181,0.113887097418433
"609",446,609,NA,15,0.1,0,0.1,0.095336787564767,0.0830157273447091,0.10926861357951
"610",446,610,NA,15,0.1,0,0.1,0.111371629542793,0.0972953145359689,0.127197493752916
"611",446,611,NA,15,0.1,0,0.1,0.103368176538909,0.0898481233330204,0.118657449513874
"612",446,612,NA,15,0.1,0,0.1,0.0921853065044455,0.0806313366926154,0.1052054330028
"613",446,613,NA,15,0.1,0,0.1,0.11327524346489,0.0999551062718918,0.128117765818265
"614",446,614,NA,15,0.1,0,0.1,0.107021517553794,0.0934346873762806,0.122317506361093
"615",446,615,NA,15,0.1,0,0.1,0.093137254901961,0.0806678326483395,0.107309181158456
"616",446,616,NA,15,0.1,0,0.1,0.0896586856851875,0.077797768694741,0.103125684671109
"617",446,617,NA,15,0.1,0,0.1,0.0959244532803182,0.0838055680973686,0.109586201832992
"618",446,618,NA,15,0.1,0,0.1,0.101182033096927,0.0890345982302641,0.11477798557979
"619",446,619,NA,15,0.1,0,0.1,0.102169981916817,0.0902212875163686,0.115500233648278
"620",446,620,NA,15,0.1,0,0.1,0.100849256900212,0.0880422571532051,0.115283713856505
"621",446,621,NA,15,0.1,0,0.1,0.0996441281138789,0.0871670854835053,0.113684702957209
"622",446,622,NA,15,0.1,0,0.1,0.0877108433734957,0.0762786497412055,0.100669696759348
"623",446,623,NA,15,0.1,0,0.1,0.100908173562059,0.0883995356049647,0.11496358220723
"624",446,624,NA,15,0.1,0,0.1,0.109555984555984,0.0968135103203983,0.123745820872968
"625",446,625,NA,15,0.1,0,0.1,0.113283496262226,0.0992196413287722,0.129055221322697
"626",446,626,NA,15,0.1,0,0.1,0.104597701149428,0.0910662394637276,0.11987462058736
"627",446,627,NA,15,0.1,0,0.1,0.0925742574257426,0.0806861332584194,0.10601196778273
"628",446,628,NA,15,0.1,0,0.1,0.0877492877492889,0.075383463706253,0.101919990634966
"629",446,629,NA,15,0.1,0,0.1,0.0999412110523223,0.0865642223162269,0.115124842822712
"630",446,630,NA,15,0.1,0,0.1,0.105561861520999,0.0920502751959579,0.12079288798127
"631",446,631,NA,15,0.1,0,0.1,0.0960698689956332,0.0825801624904929,0.111495353242575
"632",446,632,NA,15,0.1,0,0.1,0.101343101343101,0.0876349169891838,0.116920778568921
"633",446,633,NA,15,0.1,0,0.1,0.0981461286804798,0.0853464906533313,0.112628986195171
"634",446,634,NA,15,0.1,0,0.1,0.101724137931035,0.0883741312594273,0.116832373733943
"635",446,635,NA,15,0.1,0,0.1,0.106045081967213,0.0931410843647748,0.120499283171368
"636",446,636,NA,15,0.1,0,0.1,0.0973801285219972,0.0852033709539218,0.111085795693227
"637",446,637,NA,15,0.1,0,0.1,0.100731570061904,0.0875755086446445,0.115613578479335
"638",446,638,NA,15,0.1,0,0.1,0.102337334175616,0.0883419446519881,0.11826229542686
"639",446,639,NA,15,0.1,0,0.1,0.100092678405932,0.0881227351650335,0.113486180754609
"640",446,640,NA,15,0.1,0,0.1,0.0954332552693208,0.0823800278689717,0.110306155877867
"641",446,641,NA,15,0.1,0,0.1,0.0946714950853617,0.0824014699882898,0.108552449524002
"642",446,642,NA,15,0.1,0,0.1,0.0940886699507393,0.0821336060115909,0.107579913651766
"643",446,643,NA,15,0.1,0,0.1,0.101774530271399,0.089012249948078,0.116133358012746
"644",446,644,NA,15,0.1,0,0.1,0.104551045510455,0.0905855981274748,0.120384515704425
"645",446,645,NA,15,0.1,0,0.1,0.101546391752577,0.0888724130793505,0.115798079309219
"646",446,646,NA,15,0.1,0,0.1,0.109026369168357,0.0960126097305733,0.123562938780143
"647",446,647,NA,15,0.1,0,0.1,0.106291706387058,0.093805817239357,0.120219036040132
"648",446,648,NA,15,0.1,0,0.1,0.0988191423244349,0.0851652187197427,0.114388389945451
"649",446,649,NA,15,0.1,0,0.1,0.102498725140235,0.0898318209799835,0.116722692398589
"650",446,650,NA,15,0.1,0,0.1,0.101674641148325,0.0880760689837243,0.117103163596692
"651",446,651,NA,15,0.1,0,0.1,0.0980392156862761,0.0857247010229765,0.11190620967082
"652",446,652,NA,15,0.1,0,0.1,0.101984564498348,0.0888767469351419,0.116777789534672
"653",446,653,NA,15,0.1,0,0.1,0.0927652019529518,0.0814605644461067,0.105458518333652
"654",446,654,NA,15,0.1,0,0.1,0.0955056179775298,0.0832570078567644,0.109341293715813
"655",446,655,NA,15,0.1,0,0.1,0.0967254408060454,0.0844798669910536,0.110531741026961
"656",446,656,NA,15,0.1,0,0.1,0.106790123456792,0.0926561770809974,0.122788320411721
"657",446,657,NA,15,0.1,0,0.1,0.0977443609022557,0.0858327123991761,0.111108163642097
"658",446,658,NA,15,0.1,0,0.1,0.101840490797546,0.0880680526068592,0.117489233947323
"659",446,659,NA,15,0.1,0,0.1,0.098912480580011,0.0863715187638455,0.11304904939737
"660",446,660,NA,15,0.1,0,0.1,0.0937106918238994,0.0803345662587533,0.109049921206729
"661",446,661,NA,15,0.1,0,0.1,0.10494169905608,0.0916064216463075,0.119961853559149
"662",446,662,NA,15,0.1,0,0.1,0.102845731402896,0.0902842046154224,0.116930339259423
"663",446,663,NA,15,0.1,0,0.1,0.0974178403755871,0.0842178022566917,0.112432803734484
"664",446,664,NA,15,0.1,0,0.1,0.0949367088607628,0.082537999128002,0.108976700158574
"665",446,665,NA,15,0.1,0,0.1,0.0848416289592769,0.0727229910011395,0.0987646360808035
"666",446,666,NA,15,0.1,0,0.1,0.0960144927536234,0.0827318081914498,0.111171265976974
"667",446,667,NA,15,0.1,0,0.1,0.0939675174013921,0.0810694978809759,0.108674909261054
"668",446,668,NA,15,0.1,0,0.1,0.1,0.0869352326484672,0.114781343472525
"669",446,669,NA,15,0.1,0,0.1,0.091995841995842,0.0798704563123609,0.105750458411979
"670",446,670,NA,15,0.1,0,0.1,0.100614868641699,0.0875076698915106,0.1154369442038
"671",446,671,NA,15,0.1,0,0.1,0.100852985449075,0.0883802037425133,0.11486421582725
"672",446,672,NA,15,0.1,0,0.1,0.117078410311493,0.103246157538735,0.132490026188069
"673",446,673,NA,15,0.1,0,0.1,0.0982236154649948,0.0856731406546547,0.112386651215685
"674",446,674,NA,15,0.1,0,0.1,0.102399063779988,0.0888927329141839,0.117692455344016
"675",446,675,NA,15,0.1,0,0.1,0.0963414634146419,0.0829761314302731,0.111597620927914
"676",446,676,NA,15,0.1,0,0.1,0.103688239387613,0.0889519399271851,0.120542826402848
"677",446,677,NA,15,0.1,0,0.1,0.107372587827808,0.0946024776151469,0.121634915160686
"678",446,678,NA,15,0.1,0,0.1,0.0949720670391063,0.0822323165201318,0.109450132924523
"679",446,679,NA,15,0.1,0,0.1,0.10484668644906,0.0922244578443557,0.118970042013714
"680",446,680,NA,15,0.1,0,0.1,0.101750547045952,0.0887045150072651,0.116470071244095
"681",446,681,NA,15,0.1,0,0.1,0.0934527140458872,0.0808034840063941,0.107849762167883
"682",446,682,NA,15,0.1,0,0.1,0.103585657370518,0.0901790471540823,0.118725294831529
"683",446,683,NA,15,0.1,0,0.1,0.0974226804123775,0.0850010926387229,0.11143841280899
"684",446,684,NA,15,0.1,0,0.1,0.109450080085424,0.096091374904631,0.124410314869785
"685",446,685,NA,15,0.1,0,0.1,0.0905285190999476,0.0784603445117703,0.104242954633661
"686",446,686,NA,15,0.1,0,0.1,0.100983946141896,0.0883163001238108,0.115238904745837
"687",446,687,NA,15,0.1,0,0.1,0.111212814645309,0.0986977517473856,0.125094555851187
"688",446,688,NA,15,0.1,0,0.1,0.102637614678907,0.0892439948952393,0.117781380045544
"689",446,689,NA,15,0.1,0,0.1,0.0962000962000964,0.0842498101229281,0.109642502164414
"690",446,690,NA,15,0.1,0,0.1,0.0971345313258864,0.0850732229652306,0.110698942602286
"691",446,691,NA,15,0.1,0,0.1,0.106230847803881,0.0933346814088322,0.120671735742322
"692",446,692,NA,15,0.1,0,0.1,0.0957781978575931,0.0822454937844233,0.111267618141425
"693",446,693,NA,15,0.1,0,0.1,0.0932929904185577,0.0812557890230879,0.106905885069825
"694",446,694,NA,15,0.1,0,0.1,0.0982814178302899,0.0855639264093658,0.112656258247829
"695",446,695,NA,15,0.1,0,0.1,0.107868681605003,0.0947536790134528,0.122553199046147
"696",446,696,NA,15,0.1,0,0.1,0.102378490175806,0.0896358535187746,0.116700403565452
"697",446,697,NA,15,0.1,0,0.1,0.0954500494559842,0.0833885456026439,0.10904860181807
"698",446,698,NA,15,0.1,0,0.1,0.0945522855353789,0.0811444989456731,0.109910486448638
"699",446,699,NA,15,0.1,0,0.1,0.102594339622642,0.0890270242523971,0.117961520070868
"700",446,700,NA,15,0.1,0,0.1,0.0945220193340497,0.0820444559001995,0.108672556397722
"701",446,701,NA,15,0.1,0,0.1,0.0978384527872585,0.0848023459867409,0.112631891046875
"702",446,702,NA,15,0.1,0,0.1,0.104343720491029,0.0920233812551387,0.118098994933928
"703",446,703,NA,15,0.1,0,0.1,0.0957956359765835,0.0832895057078867,0.10995435839602
"704",446,704,NA,15,0.1,0,0.1,0.102655771195097,0.0899703592390423,0.116900011633379
"705",446,705,NA,15,0.1,0,0.1,0.0918417195896433,0.0800733363990558,0.105142020027748
"706",446,706,NA,15,0.1,0,0.1,0.115083798882682,0.101105795393268,0.130713266652379
"707",446,707,NA,15,0.1,0,0.1,0.0907278165503494,0.0789180862562231,0.104105073391084
"708",446,708,NA,15,0.1,0,0.1,0.0919097413318697,0.079460959494343,0.106084062162153
"709",446,709,NA,15,0.1,0,0.1,0.110290237467019,0.0969562645097759,0.125203729071
"710",446,710,NA,15,0.1,0,0.1,0.0858433734939767,0.0743137659017902,0.0989705226594671
"711",446,711,NA,15,0.1,0,0.1,0.0923146884947766,0.0809073031500916,0.105146437601021
"712",446,712,NA,15,0.1,0,0.1,0.0972762645914409,0.0851981262315784,0.110859165633264
"713",446,713,NA,15,0.1,0,0.1,0.107040641099027,0.093383354378831,0.122425585052839
"714",446,714,NA,15,0.1,0,0.1,0.0892950391644909,0.0773198838820507,0.1029180069474
"715",446,715,NA,15,0.1,0,0.1,0.100299401197605,0.0878919855819485,0.114238957815903
"716",446,716,NA,15,0.1,0,0.1,0.0891590678824722,0.0773616575283227,0.102555571503849
"717",446,717,NA,15,0.1,0,0.1,0.0973397823458284,0.0839599158376735,0.112589797376525
"718",446,718,NA,15,0.1,0,0.1,0.101861993428259,0.0888023235899383,0.116596516118142
"719",446,719,NA,15,0.1,0,0.1,0.110697179350718,0.0972861825054924,0.12569946829902
"720",446,720,NA,15,0.1,0,0.1,0.0979413599500941,0.084323251233801,0.113486201968766
"721",446,721,NA,15,0.1,0,0.1,0.0963327859879585,0.0836263525814636,0.110736567926735
"722",446,722,NA,15,0.1,0,0.1,0.101085094231868,0.0878151823809196,0.116105014889817
"723",446,723,NA,15,0.1,0,0.1,0.090731707317077,0.0790413122114968,0.103955969019664
"724",446,724,NA,15,0.1,0,0.1,0.109286523216308,0.0955622445369811,0.124710050791262
"725",446,725,NA,15,0.1,0,0.1,0.092601431980907,0.080913452176075,0.10578342419576
"726",446,726,NA,15,0.1,0,0.1,0.104872881355932,0.0918344722822736,0.119518827321342
"727",446,727,NA,15,0.1,0,0.1,0.103211009174312,0.0897811667989913,0.118388455137401
"728",446,728,NA,15,0.1,0,0.1,0.103236607142858,0.0899753031276983,0.118198603572671
"729",446,729,NA,15,0.1,0,0.1,0.0980769230769231,0.0860167171964257,0.111621554888326
"730",446,730,NA,15,0.1,0,0.1,0.0910240202275601,0.0778080593046314,0.106226183628858
"731",446,731,NA,15,0.1,0,0.1,0.0833728090952321,0.0723130965738349,0.0959490681817993
"732",446,732,NA,15,0.1,0,0.1,0.0958593306863335,0.082970036910137,0.110509662508385
"733",446,733,NA,15,0.1,0,0.1,0.10482921083628,0.0911270038407439,0.120318984311039
"734",446,734,NA,15,0.1,0,0.1,0.10545267489712,0.0925584201314245,0.11990586515043
"735",446,735,NA,15,0.1,0,0.1,0.0935207823960943,0.0803344694011264,0.108615903846476
"736",446,736,NA,15,0.1,0,0.1,0.0962314939434728,0.0822454283091655,0.112304890058124
"737",446,737,NA,15,0.1,0,0.1,0.0934371523915463,0.0808252083395061,0.107786289090177
"738",446,738,NA,15,0.1,0,0.1,0.0974409448818898,0.08528590298668,0.111117893978242
"739",446,739,NA,15,0.1,0,0.1,0.097106424717999,0.0849912946753502,0.11073950636802
"740",446,740,NA,15,0.1,0,0.1,0.0902972518227732,0.0778472355765044,0.104512720100096
"741",446,741,NA,15,0.1,0,0.1,0.107505070993916,0.0927076787932583,0.124340642494763
"742",446,742,NA,15,0.1,0,0.1,0.0950475237618812,0.0829459736291628,0.108705363803106
"743",446,743,NA,15,0.1,0,0.1,0.0920781893004123,0.080006121790275,0.105762397887369
"744",446,744,NA,15,0.1,0,0.1,0.097530082330591,0.0838440411324116,0.113174155490294
"745",446,745,NA,15,0.1,0,0.1,0.105708245243129,0.092632982971374,0.120384235032139
"746",446,746,NA,15,0.1,0,0.1,0.103110353642949,0.0914406951292358,0.116079020564965
"747",446,747,NA,15,0.1,0,0.1,0.0904283447911159,0.0783072140831378,0.104213558686719
"748",446,748,NA,15,0.1,0,0.1,0.107790298873101,0.0950558272024904,0.122000788661936
"749",446,749,NA,15,0.1,0,0.1,0.103501544799181,0.0907165095351537,0.117854883042359
"750",446,750,NA,15,0.1,0,0.1,0.106695699510079,0.0933780985768334,0.121657787894669
"751",446,751,NA,15,0.1,0,0.1,0.11066195048004,0.0975773193055831,0.125257626487207
"752",446,752,NA,15,0.1,0,0.1,0.112974839664529,0.0999098084296836,0.127506338176914
"753",446,753,NA,15,0.1,0,0.1,0.102577319587629,0.0898413205269558,0.116886920248394
"754",446,754,NA,15,0.1,0,0.1,0.0837209302325592,0.0715273517112205,0.0977743010519707
"755",446,755,NA,15,0.1,0,0.1,0.107676455435343,0.0946429264463351,0.122262479426369
"756",446,756,NA,15,0.1,0,0.1,0.105037513397642,0.0919170469636048,0.119783783248821
"757",446,757,NA,15,0.1,0,0.1,0.0993759001440232,0.0872468234962993,0.112982444544828
"758",446,758,NA,15,0.1,0,0.1,0.10413552566019,0.0915102607400949,0.118275871494243
"759",446,759,NA,15,0.1,0,0.1,0.100595632031768,0.086412031542995,0.116809652598162
"760",446,760,NA,15,0.1,0,0.1,0.111111111111112,0.0984578975181576,0.125164679249308
"761",446,761,NA,15,0.1,0,0.1,0.112659698025557,0.0985678071639209,0.128479110607285
"762",446,762,NA,15,0.1,0,0.1,0.100475624256838,0.0869930863293058,0.115782750751936
"763",446,763,NA,15,0.1,0,0.1,0.104657849338728,0.0911189741360042,0.119942917553553
"764",446,764,NA,15,0.1,0,0.1,0.0992239467849224,0.0862560961374108,0.113898382049462
"765",446,765,NA,15,0.1,0,0.1,0.0997134670487107,0.0865102532546061,0.114678786987779
"766",446,766,NA,15,0.1,0,0.1,0.11015228426396,0.0970682705910919,0.124756240997077
"767",446,767,NA,15,0.1,0,0.1,0.0957854406130268,0.0831143604067196,0.110156188255955
"768",446,768,NA,15,0.1,0,0.1,0.100113765642776,0.086930714054219,0.11504413342535
"769",446,769,NA,15,0.1,0,0.1,0.10374149659864,0.0903501545511438,0.118858307283778
"770",446,770,NA,15,0.1,0,0.1,0.114673913043478,0.100899895966323,0.130056254226145
"771",446,771,NA,15,0.1,0,0.1,0.101598173515982,0.0882991408105724,0.11664395111259
"772",446,772,NA,15,0.1,0,0.1,0.0959488272921122,0.0834235483608146,0.110128708773803
"773",446,773,NA,15,0.1,0,0.1,0.0935799782372148,0.0810878619052181,0.107770880650475
"774",446,774,NA,15,0.1,0,0.1,0.0981973434535105,0.0862057361601527,0.111653219994899
"775",446,775,NA,15,0.1,0,0.1,0.101193565127141,0.0885008202159619,0.11547607601803
"776",446,776,NA,15,0.1,0,0.1,0.101750547045952,0.0887045149241337,0.116470071349922
"777",446,777,NA,15,0.1,0,0.1,0.100050530570995,0.0875845810506204,0.114068945264979
"778",446,778,NA,15,0.1,0,0.1,0.0960698689956417,0.0840784956724315,0.109566880917735
"779",446,779,NA,15,0.1,0,0.1,0.11310494834149,0.0994173619575008,0.128408318694734
"780",446,780,NA,15,0.1,0,0.1,0.0955806783144913,0.0832919524137853,0.109465957533415
"781",446,781,NA,15,0.1,0,0.1,0.099169741697417,0.0872791995787675,0.112480567149802
"782",446,782,NA,15,0.1,0,0.1,0.100092678405931,0.0881227349718593,0.113486180996463
"783",446,783,NA,15,0.1,0,0.1,0.0880566801619433,0.0763369705310134,0.10137818690569
"784",446,784,NA,15,0.1,0,0.1,0.100144439094848,0.0879535247792365,0.113814228888486
"785",446,785,NA,15,0.1,0,0.1,0.104342190537913,0.0900438899331035,0.120610016681604
"786",446,786,NA,15,0.1,0,0.1,0.0867293625914321,0.0749225961001023,0.10019519253327
"787",446,787,NA,15,0.1,0,0.1,0.0973782771535609,0.0847401348618459,0.111671300027826
"788",446,788,NA,15,0.1,0,0.1,0.0942232192933262,0.0815095560657162,0.108685274402549
"789",446,789,NA,15,0.1,0,0.1,0.110189573459716,0.0961150389483714,0.126037717000202
"790",446,790,NA,15,0.1,0,0.1,0.0975889781859932,0.0845132614943807,0.11243927372357
"791",446,791,NA,15,0.1,0,0.1,0.0994535519125686,0.0865579795270617,0.114030495310427
"792",446,792,NA,15,0.1,0,0.1,0.113396889111892,0.100203542237914,0.128080078373971
"793",446,793,NA,15,0.1,0,0.1,0.0942100098135427,0.0822695057990539,0.107680203199736
"794",446,794,NA,15,0.1,0,0.1,0.0918977705274629,0.0795196548723934,0.105980833228657
"795",446,795,NA,15,0.1,0,0.1,0.0969414204250913,0.0845166098060836,0.110971395528444
"796",446,796,NA,15,0.1,0,0.1,0.0878734622144276,0.0753380710358083,0.102263923628938
"797",446,797,NA,15,0.1,0,0.1,0.093072448439979,0.0807783857567032,0.107019764516136
"798",446,798,NA,15,0.1,0,0.1,0.0949538795442225,0.0823881940164078,0.109207970591484
"799",446,799,NA,15,0.1,0,0.1,0.11264367816092,0.0986215916859095,0.12837549354682
"800",446,800,NA,15,0.1,0,0.1,0.105319720580333,0.0921656807288118,0.120102759067478
"801",446,801,NA,15,0.1,0,0.1,0.0996462264151372,0.0862700876099359,0.114835678069368
"802",446,802,NA,15,0.1,0,0.1,0.100099601593643,0.0877157903309881,0.114013270530513
"803",446,803,NA,15,0.1,0,0.1,0.101494396014944,0.087649031932069,0.117245766236372
"804",446,804,NA,15,0.1,0,0.1,0.0985626283367559,0.0860947089350835,0.112613620755593
"805",446,805,NA,15,0.1,0,0.1,0.0924855491329537,0.0807546143594102,0.105724601086031
"806",446,806,NA,15,0.1,0,0.1,0.0939868620515426,0.0818944974089025,0.107655390838778
"807",446,807,NA,15,0.1,0,0.1,0.0849575212393819,0.0735111459921457,0.0979976841120005
"808",446,808,NA,15,0.1,0,0.1,0.093320701089531,0.0816303471336154,0.106491107878892
"809",446,809,NA,15,0.1,0,0.1,0.111650485436893,0.0973261377494408,0.127784626437244
"810",446,810,NA,15,0.1,0,0.1,0.105769230769232,0.0935471249089019,0.119377877015312
"811",446,811,NA,15,0.1,0,0.1,0.0927680798004987,0.0808260720484107,0.106270518201566
"812",446,812,NA,15,0.1,0,0.1,0.104887983706721,0.0920888807764054,0.119232371931279
"813",446,813,NA,15,0.1,0,0.1,0.102887139107611,0.0900228029084269,0.117352725515176
"814",446,814,NA,15,0.1,0,0.1,0.0952652595550552,0.0823809363115884,0.109923289811424
"815",446,815,NA,15,0.1,0,0.1,0.102001906577693,0.0897606020877571,0.115700444777177
"816",446,816,NA,15,0.1,0,0.1,0.101666666666667,0.088530968444232,0.116502244547986
"817",446,817,NA,15,0.1,0,0.1,0.102357984994641,0.0894002031223961,0.11695266903534
"818",446,818,NA,15,0.1,0,0.1,0.0979125248508957,0.0856721168704347,0.11168815409584
"819",446,819,NA,15,0.1,0,0.1,0.0982688391038696,0.0858667737085131,0.112242239289672
"820",446,820,NA,15,0.1,0,0.1,0.101734104046243,0.0883473268176988,0.116889226824688
"821",446,821,NA,15,0.1,0,0.1,0.0949170124481328,0.0826165043247646,0.10883164215038
"822",446,822,NA,15,0.1,0,0.1,0.0961945031712475,0.0837034317995801,0.110325181224788
"823",446,823,NA,15,0.1,0,0.1,0.0974334600760457,0.0854764775690883,0.110860301948138
"824",446,824,NA,15,0.1,0,0.1,0.09541381128097,0.0829877508397331,0.109478341967557
"825",446,825,NA,15,0.1,0,0.1,0.0995623632385124,0.086653307643982,0.114154168640921
"826",446,826,NA,15,0.1,0,0.1,0.107296137339056,0.0940340206870302,0.122176439304181
"827",446,827,NA,15,0.1,0,0.1,0.103392568659128,0.0903419904886979,0.118083673921788
"828",446,828,NA,15,0.1,0,0.1,0.102739726027398,0.0898620093836733,0.117225197365201
"829",446,829,NA,15,0.1,0,0.1,0.0981873111782477,0.0858550118862023,0.112073858270238
"830",446,830,NA,15,0.1,0,0.1,0.113553113553114,0.100086243233577,0.128573101324197
"831",446,831,NA,15,0.1,0,0.1,0.0981029810298123,0.0853419360915956,0.112537391912947
"832",446,832,NA,15,0.1,0,0.1,0.0877272727272728,0.0766035530333547,0.100290846619356
"833",446,833,NA,15,0.1,0,0.1,0.0970982142857143,0.084226403577018,0.11169721541043
"834",446,834,NA,15,0.1,0,0.1,0.108234075608493,0.0951363850644733,0.122890068558585
"835",446,835,NA,15,0.1,0,0.1,0.0989740494870264,0.0854961223265013,0.114311102827347
"836",446,836,NA,15,0.1,0,0.1,0.0992179863148295,0.0869954891465888,0.112945261311096
"837",446,837,NA,15,0.1,0,0.1,0.104663774403471,0.0914925272498364,0.119481783469742
"838",446,838,NA,15,0.1,0,0.1,0.0962812022414671,0.0839989037375214,0.110143467708681
"839",446,839,NA,15,0.1,0,0.1,0.118492811105602,0.105098776387671,0.133339476463811
"840",446,840,NA,15,0.1,0,0.1,0.116405307599518,0.10183433000472,0.13275301895726
"841",446,841,NA,15,0.1,0,0.1,0.0910706352732127,0.0798625541086263,0.10367445198439
"842",446,842,NA,15,0.1,0,0.1,0.105889014722538,0.0923716576608336,0.121120486369095
"843",446,843,NA,15,0.1,0,0.1,0.103258145363409,0.0906486038093602,0.117395277090195
"844",446,844,NA,15,0.1,0,0.1,0.0947488584474929,0.0818954192636507,0.109379299762558
"845",446,845,NA,15,0.1,0,0.1,0.0968399592252804,0.0845200397204953,0.110738447879018
"846",446,846,NA,15,0.1,0,0.1,0.0918622066899941,0.0799719108919357,0.105317990898124
"847",446,847,NA,15,0.1,0,0.1,0.105427974947808,0.0924467175569833,0.11999104402402
"848",446,848,NA,15,0.1,0,0.1,0.112582781456954,0.0988296980032036,0.127977941356681
"849",446,849,NA,15,0.1,0,0.1,0.0968971148611867,0.084186937114967,0.111293024759907
"850",446,850,NA,15,0.1,0,0.1,0.0996329313057179,0.0869735016502161,0.113905124472139
"851",446,851,NA,15,0.1,0,0.1,0.0914085914085914,0.0795443456062308,0.104840862929106
"852",446,852,NA,15,0.1,0,0.1,0.103723404255319,0.0907281515387135,0.118337757989493
"853",446,853,NA,15,0.1,0,0.1,0.0972871842843844,0.0854288073786501,0.110592576533266
"854",446,854,NA,15,0.1,0,0.1,0.0928536703937774,0.0810490456748006,0.106178957707255
"855",446,855,NA,15,0.1,0,0.1,0.10132382892057,0.0887363493465593,0.115470617136607
"856",446,856,NA,15,0.1,0,0.1,0.0881035340965654,0.0764712996864309,0.101311071893796
"857",446,857,NA,15,0.1,0,0.1,0.110881897885508,0.0976579202737679,0.125647206688077
"858",446,858,NA,15,0.1,0,0.1,0.0991404011461324,0.0859742253447257,0.114071224177134
"859",446,859,NA,15,0.1,0,0.1,0.108868826340945,0.0955775411434494,0.123755522413858
"860",446,860,NA,15,0.1,0,0.1,0.117341640706128,0.103714306757109,0.132494822146399
"861",446,861,NA,15,0.1,0,0.1,0.0909090909090912,0.0792261918617434,0.104119969420157
"862",446,862,NA,15,0.1,0,0.1,0.111177170035672,0.0970185769777944,0.12711116053513
"863",446,863,NA,15,0.1,0,0.1,0.097972972973526,0.0849902402570535,0.112694636999805
"864",446,864,NA,15,0.1,0,0.1,0.0940533980582525,0.0808751069336967,0.109124094873314
"865",446,865,NA,15,0.1,0,0.1,0.0918153200419727,0.0796481724906059,0.105627817875829
"866",446,866,NA,15,0.1,0,0.1,0.0979591836734694,0.0855642524885669,0.111929877868669
"867",446,867,NA,15,0.1,0,0.1,0.11258629845991,0.0990802326113101,0.127672531237877
"868",446,868,NA,15,0.1,0,0.1,0.104398826979472,0.090750250118334,0.119829585353325
"869",446,869,NA,15,0.1,0,0.1,0.0963855421686795,0.0839347448570676,0.110460571705798
"870",446,870,NA,15,0.1,0,0.1,0.105263157894737,0.0917879959279775,0.120454202481545
"871",446,871,NA,15,0.1,0,0.1,0.0983529411764706,0.0863974726358352,0.111760400103237
"872",446,872,NA,15,0.1,0,0.1,0.102564102564103,0.0896132713834577,0.117145739299605
"873",446,873,NA,15,0.1,0,0.1,0.097679438747977,0.0849710960406354,0.112055692404656
"874",446,874,NA,15,0.1,0,0.1,0.0988274706867673,0.0858409127713609,0.11353471138882
"875",446,875,NA,15,0.1,0,0.1,0.100057175528874,0.0868460021098099,0.115024905242864
"876",446,876,NA,15,0.1,0,0.1,0.0922982885085907,0.0791973637509628,0.107313813974336
"877",446,877,NA,15,0.1,0,0.1,0.0952380952380952,0.0830528957408361,0.108998546356748
"878",446,878,NA,15,0.1,0,0.1,0.0883064516129032,0.0777585346060923,0.100129842249329
"879",446,879,NA,15,0.1,0,0.1,0.0902004454342984,0.0777991609069403,0.104354820965487
"880",446,880,NA,15,0.1,0,0.1,0.089900758902629,0.0772435054118585,0.104397402231772
"881",446,881,NA,15,0.1,0,0.1,0.0982766651141127,0.0863835703582703,0.111607148156397
"882",446,882,NA,15,0.1,0,0.1,0.0978115230013404,0.0861782385628992,0.110824745255617
"883",446,883,NA,15,0.1,0,0.1,0.10161662817552,0.0882446100612212,0.11675547507786
"884",446,884,NA,15,0.1,0,0.1,0.101476014760148,0.0894528614411282,0.114911232379194
"885",446,885,NA,15,0.1,0,0.1,0.0984566258648239,0.0857822959264238,0.112772590450022
"886",446,886,NA,15,0.1,0,0.1,0.106122448979594,0.0932388071958904,0.120549663348535
"887",446,887,NA,15,0.1,0,0.1,0.0975206611570248,0.084698401265757,0.11204642540265
"888",446,888,NA,15,0.1,0,0.1,0.107725788900979,0.0943499863397795,0.122740855203844
"889",446,889,NA,15,0.1,0,0.1,0.102261553588987,0.0898248426659991,0.116200355899963
"890",446,890,NA,15,0.1,0,0.1,0.100392596747056,0.0872788278578513,0.115227976551473
"891",446,891,NA,15,0.1,0,0.1,0.101604278074867,0.0892717393254442,0.115424584633045
"892",446,892,NA,15,0.1,0,0.1,0.0919931856899496,0.079355288444281,0.106411126840307
"893",446,893,NA,15,0.1,0,0.1,0.0915354330708713,0.0797456728119193,0.10486958529481
"894",446,894,NA,15,0.1,0,0.1,0.0933098591549302,0.0803861072577997,0.108067209402381
"895",446,895,NA,15,0.1,0,0.1,0.100948131623014,0.0878336153407341,0.115772260771335
"896",446,896,NA,15,0.1,0,0.1,0.107076923076924,0.092945083171436,0.123065914706553
"897",446,897,NA,15,0.1,0,0.1,0.0916520723876252,0.0788735120408086,0.106262098247937
"898",446,898,NA,15,0.1,0,0.1,0.0977198697068402,0.0858646619447862,0.11101313086208
"899",446,899,NA,15,0.1,0,0.1,0.115575620767494,0.102913082861473,0.129571138933296
"900",446,900,NA,15,0.1,0,0.1,0.106269925611052,0.0931285340805972,0.12101824227788
"901",446,901,NA,15,0.1,0,0.1,0.091450216450543,0.0791299842845967,0.105468964603728
"902",446,902,NA,15,0.1,0,0.1,0.0977968833960247,0.0851067729237111,0.112147247385858
"903",446,903,NA,15,0.1,0,0.1,0.0972477064220184,0.0838016646119559,0.112586062794287
"904",446,904,NA,15,0.1,0,0.1,0.0958593306863302,0.0829700356269178,0.110509664166198
"905",446,905,NA,15,0.1,0,0.1,0.110289937464469,0.0964795923197613,0.125801884978146
"906",446,906,NA,15,0.1,0,0.1,0.0995623632385121,0.0866533071974824,0.114154169211413
"907",446,907,NA,15,0.1,0,0.1,0.0980746089049338,0.0846756201982023,0.113331321796212
"908",446,908,NA,15,0.1,0,0.1,0.114447592067989,0.100413577187635,0.130159236476473
"909",446,909,NA,15,0.1,0,0.1,0.0968229954614227,0.0845656057970215,0.110642304796103
"910",446,910,NA,15,0.1,0,0.1,0.0968299711815563,0.0837795259746079,0.11166554070621
"911",446,911,NA,15,0.1,0,0.1,0.0922778047595921,0.0805144228848673,0.105562536598054
"912",446,912,NA,15,0.1,0,0.1,0.095666854248734,0.0828378237376999,0.11024388873999
"913",446,913,NA,15,0.1,0,0.1,0.104272634791529,0.0915158445723696,0.118575555058925
"914",446,914,NA,15,0.1,0,0.1,0.107514450867052,0.093765025279605,0.123006389127485
"915",446,915,NA,15,0.1,0,0.1,0.100179964007209,0.0866602111979128,0.115542092358189
"916",446,916,NA,15,0.1,0,0.1,0.104433497536946,0.0918586458050704,0.118505133901932
"917",446,917,NA,15,0.1,0,0.1,0.0960244648318045,0.0826617146904643,0.111285324829226
"918",446,918,NA,15,0.1,0,0.1,0.102876106194692,0.0896924074747773,0.117746991728071
"919",446,919,NA,15,0.1,0,0.1,0.104469854469855,0.0915708608480492,0.118947931605533
"920",446,920,NA,15,0.1,0,0.1,0.087429111531191,0.0761192538632197,0.100237077478875
"921",446,921,NA,15,0.1,0,0.1,0.0974729241877257,0.0858024223452289,0.110538865828033
"922",446,922,NA,15,0.1,0,0.1,0.101851851851853,0.0880389449571793,0.117552588867335
"923",446,923,NA,15,0.1,0,0.1,0.0979612133267032,0.0857149852448847,0.111743238991234
"924",446,924,NA,15,0.1,0,0.1,0.101983002832861,0.0887056737852003,0.116992527425994
"925",446,925,NA,15,0.1,0,0.1,0.0875211744776967,0.0752234384728789,0.101608481172023
"926",446,926,NA,15,0.1,0,0.1,0.10408719346049,0.0909207470981941,0.118910905115949
"927",446,927,NA,15,0.1,0,0.1,0.101176470588235,0.0877154964767262,0.116439527879875
"928",446,928,NA,15,0.1,0,0.1,0.107462686567164,0.0946544796698236,0.121770928781249
"929",446,929,NA,15,0.1,0,0.1,0.0941520467836257,0.0811923061583471,0.108935136404741
"930",446,930,NA,15,0.1,0,0.1,0.0977751756440322,0.0845659699900102,0.112793436571842
"931",446,931,NA,15,0.1,0,0.1,0.0936708860759494,0.081586950163281,0.107335416636049
"932",446,932,NA,15,0.1,0,0.1,0.0996529499256322,0.0873219123356958,0.113508732465465
"933",446,933,NA,15,0.1,0,0.1,0.103277060575968,0.090722630805601,0.117344599573237
"934",446,934,NA,15,0.1,0,0.1,0.0851606323304448,0.0735920348961805,0.0983547283069086
"935",446,935,NA,15,0.1,0,0.1,0.0929577464788782,0.0813386737080682,0.10604498798957
"936",446,936,NA,15,0.1,0,0.1,0.096433952787545,0.0842236934369153,0.11020136783392
"937",446,937,NA,15,0.1,0,0.1,0.111693759832197,0.0983190214074996,0.126632398559755
"938",446,938,NA,15,0.1,0,0.1,0.100785340314137,0.0866625772850795,0.116914976769273
"939",446,939,NA,15,0.1,0,0.1,0.098968105065666,0.0869950780609928,0.112386125608806
"940",446,940,NA,15,0.1,0,0.1,0.0991379310344828,0.0863472622746397,0.113587736016501
"941",446,941,NA,15,0.1,0,0.1,0.0862157976251937,0.0745092246881233,0.0995637880983334
"942",446,942,NA,15,0.1,0,0.1,0.105095541401275,0.0920307662777407,0.119770352280659
"943",446,943,NA,15,0.1,0,0.1,0.0946969696969698,0.0829254832885023,0.10794276748196
"944",446,944,NA,15,0.1,0,0.1,0.105823863636369,0.09079808978758,0.122999797845098
"945",446,945,NA,15,0.1,0,0.1,0.104946833102173,0.0927145418757268,0.118582059264016
"946",446,946,NA,15,0.1,0,0.1,0.0946896992962697,0.081137111844617,0.11023444206994
"947",446,947,NA,15,0.1,0,0.1,0.0956937799043062,0.0832003830352754,0.109838431103213
"948",446,948,NA,15,0.1,0,0.1,0.0992039191671785,0.085618333945434,0.114674859715903
"949",446,949,NA,15,0.1,0,0.1,0.0883912787271659,0.0757848214936899,0.102861371806616
"950",446,950,NA,15,0.1,0,0.1,0.0991452991452995,0.0860140130267278,0.114031157470646
"951",446,951,NA,15,0.1,0,0.1,0.0948443579766601,0.082914110565556,0.108288515797125
"952",446,952,NA,15,0.1,0,0.1,0.0976800976800978,0.0842163152126283,0.113030684945971
"953",446,953,NA,15,0.1,0,0.1,0.0875172731460159,0.0763372184403569,0.100157165793135
"954",446,954,NA,15,0.1,0,0.1,0.109756097560976,0.0958393034963763,0.125413438239923
"955",446,955,NA,15,0.1,0,0.1,0.0993059263214098,0.0865594146867293,0.113695823576509
"956",446,956,NA,15,0.1,0,0.1,0.0951115834218917,0.0826585070434601,0.109217431039623
"957",446,957,NA,15,0.1,0,0.1,0.097112860892392,0.084604031852703,0.111246378420559
"958",446,958,NA,15,0.1,0,0.1,0.0990049751243781,0.0866927238125763,0.112849772923549
"959",446,959,NA,15,0.1,0,0.1,0.0963793982661908,0.084085111121,0.110254876259734
"960",446,960,NA,15,0.1,0,0.1,0.102630221763796,0.089887959017825,0.116946686540109
"961",446,961,NA,15,0.1,0,0.1,0.08929627439385,0.0766050344077602,0.103853611195535
"962",446,962,NA,15,0.1,0,0.1,0.0886507549926956,0.0771008280411564,0.101740156239625
"963",446,963,NA,15,0.1,0,0.1,0.102052135330006,0.0889025973982803,0.116897071743531
"964",446,964,NA,15,0.1,0,0.1,0.0989740494870248,0.0854961212616376,0.11431110420624
"965",446,965,NA,15,0.1,0,0.1,0.0911747516072487,0.0784221545332637,0.105763117639612
"966",446,966,NA,15,0.1,0,0.1,0.0933621154883972,0.0809316717054746,0.10747850483894
"967",446,967,NA,15,0.1,0,0.1,0.0983240223463689,0.0853663651314195,0.11300549976797
"968",446,968,NA,15,0.1,0,0.1,0.0961981566820276,0.0831929874959341,0.110990239939117
"969",446,969,NA,15,0.1,0,0.1,0.0926879505664265,0.0805708913704853,0.106416380180633
"970",446,970,NA,15,0.1,0,0.1,0.105314480741102,0.0927499783341641,0.119357127904525
"971",446,971,NA,15,0.1,0,0.1,0.0979710144927541,0.0848100220520073,0.112922357639933
"972",446,972,NA,15,0.1,0,0.1,0.0959735245449531,0.0832444883200494,0.110414548902528
"973",446,973,NA,15,0.1,0,0.1,0.0958677685950449,0.0831521670302535,0.110293922583526
"974",446,974,NA,15,0.1,0,0.1,0.0914737436476569,0.0789043633506484,0.105815389952283
"975",446,975,NA,15,0.1,0,0.1,0.0921633554083886,0.0796816054009438,0.106374321820604
"976",446,976,NA,15,0.1,0,0.1,0.0780182232346242,0.0663613258780611,0.0915220245446396
"977",446,977,NA,15,0.1,0,0.1,0.101081081081081,0.0881496174785971,0.115668937730874
"978",446,978,NA,15,0.1,0,0.1,0.105110896817744,0.0926239771177335,0.119060330697874
"979",446,979,NA,15,0.1,0,0.1,0.0942065491183879,0.0821175675637919,0.107866074589167
"980",446,980,NA,15,0.1,0,0.1,0.103077674645823,0.0906306885733308,0.117014134056512
"981",446,981,NA,15,0.1,0,0.1,0.100240096038415,0.0867125844141678,0.115610810298787
"982",446,982,NA,15,0.1,0,0.1,0.0981029810298103,0.085341935051591,0.112537393243584
"983",446,983,NA,15,0.1,0,0.1,0.096114519427403,0.0838219818372466,0.109993336983359
"984",446,984,NA,15,0.1,0,0.1,0.101041028781384,0.0873331801892298,0.116625524673637
"985",446,985,NA,15,0.1,0,0.1,0.100464576074333,0.087130367343166,0.115581047593308
"986",446,986,NA,15,0.1,0,0.1,0.0851216022890909,0.0715877258751288,0.100935928734524
"987",446,987,NA,15,0.1,0,0.1,0.0972456436200122,0.0843202760734668,0.111910179950826
"988",446,988,NA,15,0.1,0,0.1,0.103696591454633,0.0913159748075608,0.117538648789161
"989",446,989,NA,15,0.1,0,0.1,0.0991131977047471,0.0865168759255598,0.113315968165463
"990",446,990,NA,15,0.1,0,0.1,0.0958333333333366,0.0826518524065836,0.110862967689298
"991",446,991,NA,15,0.1,0,0.1,0.0992798353909582,0.0867558515679722,0.113387295598179
"992",446,992,NA,15,0.1,0,0.1,0.100858369098712,0.0879864075000708,0.115375209112931
"993",446,993,NA,15,0.1,0,0.1,0.0975479744136461,0.0849212711889973,0.111822684446674
"994",446,994,NA,15,0.1,0,0.1,0.0934891485809686,0.0808704741875208,0.107845758048067
"995",446,995,NA,15,0.1,0,0.1,0.0927347903130537,0.0798113460745034,0.107506378628777
"996",446,996,NA,15,0.1,0,0.1,0.103896103896106,0.09078494045282,0.11865367593875
"997",446,997,NA,15,0.1,0,0.1,0.0986140724946878,0.085920367398397,0.11295138728929
"998",446,998,NA,15,0.1,0,0.1,0.101657458563536,0.0885564638917464,0.116448982361278
"999",446,999,NA,15,0.1,0,0.1,0.110419026047569,0.0966267588715873,0.125905588177519
"1000",446,1000,NA,15,0.1,0,0.1,0.0897727272727356,0.0772830481128256,0.104053240560824
